Company,Year,Revenue,EBIT,Profit_Before_Tax,Net_Profit,EPS,Net_Worth
TCS,2017,117966.0,30324.0,34513.0,26289.0,133.41,86214.0
TCS,2018,123104.0,30502.0,34092.0,25826.0,134.19,85128.0
TCS,2019,146463.0,37450.0,41563.0,31472.0,83.05,89446.0
TCS,2020,156949.0,38580.0,42248.0,32340.0,86.19,84126.0
TCS,2021,164177.0,42481.0,44978.0,33388.0,89.27,86433.0
TCS,2022,191754.0,48453.0,51687.0,38327.0,103.62,89139.0
TCS,2023,225458.0,54237.0,56907.0,42147.0,115.19,90424.0
TCS,2024,240893.0,59311.0,63038.0,46585.0,127.74,90489.0
TCS,2025,255324.0,62165.0,65331.0,48553.0,134.19,94756.0
TCS,2026,267021.0,66838.0,70355.0,52820.0,145.99,107240.0
Infosys,2017,68484.0,16901.0,19951.0,14353.0,31.4,68982.0
Infosys,2018,70522.0,17148.0,20270.0,16029.0,35.53,64924.0
Infosys,2019,82675.0,18880.0,21041.0,15404.0,35.44,64948.0
Infosys,2020,90791.0,19374.0,22007.0,16594.0,38.97,65450.0
Infosys,2021,100472.0,24622.0,26628.0,19351.0,45.61,76351.0
Infosys,2022,121641.0,28015.0,30110.0,22110.0,52.52,75350.0
Infosys,2023,146767.0,33519.0,35023.0,24095.0,57.63,75407.0
Infosys,2024,153670.0,31747.0,35988.0,26233.0,63.39,88116.0
Infosys,2025,162990.0,34424.0,37608.0,26713.0,64.5,95818.0
Infosys,2026,178650.0,36254.0,39995.0,29440.0,71.58,92852.0
HCLTech,2021,75379.0,15437.0,15853.0,11169.0,41.07,60082.0
HCLTech,2022,85651.0,16204.0,16951.0,13523.0,49.77,62006.0
HCLTech,2023,101456.0,18483.0,19488.0,14845.0,54.85,65398.0
HCLTech,2024,109913.0,20027.0,20967.0,15710.0,57.99,68271.0
HCLTech,2025,117055.0,21420.0,23261.0,17390.0,64.16,69673.0
HCLTech,2026,130144.0,22397.0,22102.0,17361.0,64.01,75197.0
Wipro,2020,613401.0,105730.0,122512.0,97218.0,16.67,559333.0
Wipro,2021,622425.0,123053.0,139007.0,107946.0,19.11,554593.0
Wipro,2022,795289.0,140286.0,151275.0,122191.0,22.35,658673.0
Wipro,2023,909348.0,139606.0,147657.0,113500.0,10.37,781753.0
Wipro,2024,897943.0,136099.0,147210.0,110452.0,10.44,751223.0
Wipro,2025,890916.0,151271.0,174957.0,131354.0,12.56,830447.0
Wipro,2026,926200.0,151251.0,173422.0,132000.0,12.6,887877.0
Tech Mahindra,2022,446460.0,64996.0,74521.0,55661.0,62.81,268857.0
Tech Mahindra,2023,532902.0,60721.0,64455.0,48313.0,54.54,279245.0
Tech Mahindra,2024,519955.0,31475.0,32244.0,23578.0,26.58,266694.0
Tech Mahindra,2025,529883.0,51382.0,56532.0,42515.0,47.91,273615.0
Tech Mahindra,2026,568154.0,71525.0,65731.0,48109.0,54.19,296154.0
Persistent Systems,2017,28784.39,3163.3,4006.73,3014.65,37.68,18968.38
Persistent Systems,2018,30337.03,3102.39,4292.61,3230.88,40.39,21245.6
Persistent Systems,2019,33659.41,4866.44,4863.39,3516.79,43.99,23394.09
Persistent Systems,2020,35658.08,3269.92,4523.42,3402.89,44.38,23799.84
Persistent Systems,2021,41878.88,5074.65,6094.43,4506.77,58.97,27899.35
Persistent Systems,2022,57107.46,7921.59,9242.79,6903.86,90.34,33624.4
Persistent Systems,2023,83505.92,12175.75,12408.52,9210.93,123.73,39588.11
Persistent Systems,2024,98215.87,13663.13,14476.06,10934.91,72.44,49513.46
Persistent Systems,2025,119387.17,17512.83,18223.08,14001.61,91.22,63125.46
Persistent Systems,2026,147484.49,23034.68,23221.87,18651.2,119.74,78306.27
Mphasis,2017,60760.0,9690.0,10990.0,7920.0,37.62,61520.0
Mphasis,2018,65460.0,10620.0,11280.0,8380.0,43.34,54810.0
Mphasis,2019,77310.0,13240.0,14070.0,10730.0,57.64,52490.0
Mphasis,2020,88440.0,16500.0,15150.0,11850.0,63.52,58290.0
Mphasis,2021,97220.0,18030.0,16310.0,12170.0,65.06,65260.0
Mphasis,2022,119610.0,21180.0,19130.0,14310.0,76.4,69430.0
Mphasis,2023,137980.0,24340.0,21730.0,16380.0,86.94,79340.0
Mphasis,2024,132790.0,24220.0,20680.0,15550.0,82.27,87940.0
Mphasis,2025,142300.0,26470.0,22601.0,17020.0,89.55,96280.0
Mphasis,2026,158800.0,29780.0,25090.0,18630.0,97.61,107440.0
Coforge,2017,27558.0,3269.0,3510.0,2232.0,8.0,16865.0
Coforge,2018,29466.0,3739.0,4040.0,2802.0,9.0,17740.0
Coforge,2019,36967.0,5181.0,5620.0,4033.0,13.0,20723.0
Coforge,2020,41604.0,5432.0,5950.0,4440.0,15.0,23970.0
Coforge,2021,46659.0,5779.0,5960.0,4556.0,15.0,24661.0
Coforge,2022,64096.0,8747.0,8620.0,6617.0,22.0,27331.0
Coforge,2023,80385.0,9699.0,9510.0,6938.0,23.0,30830.0
Coforge,2024,90360.0,11615.0,10560.0,8213.0,26.0,36270.0
Coforge,2025,120733.0,12942.0,12961.0,8121.0,25.0,63792.0
Coforge,2026,164027.0,23645.0,17447.0,15557.0,44.0,95376.0
LTIMindtree,2023,331788.0,55005.0,57898.0,44103.0,149.0,165992.0
LTIMindtree,2024,355170.0,55685.0,60487.0,45846.0,155.0,200264.0
LTIMindtree,2025,380081.0,55034.0,62142.0,46020.0,155.3,227115.0
LTIMindtree,2026,423076.0,65011.0,67911.0,49827.0,169.1,240250.0
Tata Elxsi,2017,12370.0,2470.0,2640.0,1750.0,28.05,5580.0
Tata Elxsi,2018,13860.0,3220.0,3640.0,2400.0,38.54,7380.0
Tata Elxsi,2019,15970.0,3910.0,4330.0,2900.0,46.56,9420.0
Tata Elxsi,2020,16100.0,3010.0,3520.0,2560.0,41.12,10900.0
Tata Elxsi,2021,18260.0,4800.0,5120.0,3680.0,59.11,13520.0
Tata Elxsi,2022,24710.0,7120.0,7450.0,5500.0,88.26,16000.0
Tata Elxsi,2023,31450.0,8810.0,9375.0,7550.0,121.26,20850.0
Tata Elxsi,2024,35520.0,9480.0,10487.0,7922.0,127.21,25050.0
Tata Elxsi,2025,37290.0,8690.0,10284.0,7849.0,126.03,28599.0
Tata Elxsi,2026,37574.0,8413.0,8251.0,6284.0,100.89,30413.0
Oracle Financial Services Software,2025,68468.0,30067.0,33109.0,23796.0,272.52,83624.0
Oracle Financial Services Software,2026,76721.0,34095.0,36801.0,26393.0,303.54,78265.0
KPIT Technologies,2022,25237.0,4227.0,4230.0,3184.0,14.14,12392.0
KPIT Technologies,2023,38765.0,6372.0,6385.0,4771.0,20.88,16634.0
KPIT Technologies,2024,48262.0,8274.0,8291.0,6207.0,27.04,21144.0
KPIT Technologies,2025,55809.0,10149.0,10185.0,7616.0,33.18,25746.0
KPIT Technologies,2026,61820.0,11530.0,11587.0,8664.0,37.7,30700.0
Reliance Industries,2017,3301800.0,556000.0,395000.0,299400.0,101.3,2510000.0
Reliance Industries,2018,4300000.0,720000.0,490000.0,360000.0,61.0,2860000.0
Reliance Industries,2019,6150000.0,930000.0,600000.0,394000.0,66.8,3390000.0
Reliance Industries,2020,5960000.0,905000.0,570000.0,392000.0,63.1,3940000.0
Reliance Industries,2021,5400000.0,970000.0,810000.0,491280.0,76.4,7100000.0
Reliance Industries,2022,7927560.0,1245000.0,1150000.0,677020.0,89.5,7150000.0
Reliance Industries,2023,9780000.0,1540000.0,1350000.0,740000.0,98.0,8790000.0
Reliance Industries,2024,9960000.0,1770000.0,1300000.0,790000.0,102.9,10000000.0
Reliance Industries,2025,10700000.0,1830000.0,1060170.0,813090.0,51.5,7950690.0
Reliance Industries,2026,11759190.0,2079110.0,1231620.0,957540.0,59.7,8678280.0
Larsen & Toubro,2017,1100110.0,111300.0,108000.0,64860.0,43.2,502170.0
Larsen & Toubro,2018,1198620.0,136410.0,129000.0,80040.0,52.62,549040.0
Larsen & Toubro,2019,1352200.0,153300.0,143000.0,102170.0,63.51,623750.0
Larsen & Toubro,2020,1454520.0,163290.0,150000.0,108940.0,68.04,667230.0
Larsen & Toubro,2021,1359790.0,156240.0,151000.0,129210.0,82.49,758690.0
Larsen & Toubro,2022,1565210.0,182050.0,144950.0,104190.0,61.71,824080.0
Larsen & Toubro,2023,1833410.0,207530.0,171090.0,125310.0,74.51,893260.0
Larsen & Toubro,2024,2211130.0,234940.0,175000.0,155470.0,93.96,863590.0
Larsen & Toubro,2025,2557340.0,264350.0,144950.0,176730.0,109.36,976560.0
Larsen & Toubro,2026,2858740.0,291510.0,171090.0,189540.0,116.93,1092900.0
Bharti Airtel,2017,954683.0,156759.0,77233.0,37998.0,9.51,674563.0
Bharti Airtel,2018,836879.0,110886.0,32670.0,10990.0,2.75,695322.0
Bharti Airtel,2019,807802.0,49462.0,-17318.0,4095.0,0.96,714222.0
Bharti Airtel,2020,846765.0,75616.0,-428466.0,-321832.0,-63.41,771448.0
Bharti Airtel,2021,1006158.0,166217.0,-144882.0,-150835.0,-27.52,589527.0
Bharti Airtel,2022,1165469.0,248478.0,124831.0,42549.0,7.67,665543.0
Bharti Airtel,2023,1391448.0,352175.0,165607.0,83459.0,14.8,775629.0
Bharti Airtel,2024,1499824.0,392804.0,126790.0,74670.0,13.09,820188.0
Bharti Airtel,2025,1815110.0,569567.0,442580.0,337440.0,58.33,1136719.0
Bharti Airtel,2026,2109728.0,681442.0,451727.0,266952.0,45.96,1490566.0
Hindustan Unilever,2017,338950.0,61750.0,63960.0,44900.0,20.75,64900.0
Hindustan Unilever,2018,346190.0,73670.0,73470.0,52370.0,24.2,70750.0
Hindustan Unilever,2019,376600.0,86370.0,87490.0,60800.0,27.89,76590.0
Hindustan Unilever,2020,382730.0,86670.0,92890.0,67380.0,31.13,80310.0
Hindustan Unilever,2021,453110.0,103120.0,107170.0,79540.0,33.85,474340.0
Hindustan Unilever,2022,503360.0,114780.0,117730.0,88180.0,37.53,487600.0
Hindustan Unilever,2023,581540.0,126020.0,130790.0,99620.0,42.4,502210.0
Hindustan Unilever,2024,595790.0,130930.0,136750.0,101140.0,43.05,509730.0
Hindustan Unilever,2025,606800.0,130650.0,143000.0,106440.0,45.3,491530.0
Hindustan Unilever,2026,619750.0,132780.0,140800.0,154270.0,65.66,490080.0
