Company,Year,Revenue,EBIT,Profit_Before_Tax,Net_Profit,EPS,Net_Worth,Revenue_Growth,EBIT_Growth,Profit_Growth,EPS_Growth,EBIT_Margin,Net_Profit_Margin,EBIT_Margin_Change,Net_Profit_Margin_Change,Net_Worth_Growth,Profit_to_Revenue,EBIT_to_Revenue,Profit_to_Net_Worth,Revenue_to_Net_Worth,EPS_to_Revenue,Revenue_Growth_Change,Profit_Growth_Change,EPS_Growth_Change,Next_Year_Revenue_Growth
Bharti Airtel,2017,954683.0,156759.0,77233.0,37998.0,9.51,674563.0,0.0,0.0,0.0,0.0,16.420005383986098,3.980169333695059,0.0,0.0,0.0,3.980169333695059,16.420005383986098,5.632980166418852,1.415261435922219,9.961421749418394e-06,0.0,0.0,0.0,-12.33959335192938
Bharti Airtel,2018,836879.0,110886.0,32670.0,10990.0,2.75,695322.0,-12.33959335192938,-29.263391575603315,-71.07742512763829,-71.08307045215562,13.249944137682986,1.313212543270891,-3.170061246303112,-2.666956790424168,3.0773997387938623,1.313212543270891,13.249944137682986,1.5805626745594128,1.2035848139423173,3.2860186478570978e-06,0.0,0.0,0.0,-3.474456880863308
Bharti Airtel,2019,807802.0,49462.0,-17318.0,4095.0,0.96,714222.0,-3.474456880863308,-55.39382789531591,-62.73885350318472,-65.0909090909091,6.123035100185441,0.5069311539213818,-7.126909037497545,-0.8062813893495092,2.718165109114912,0.5069311539213818,6.123035100185441,0.5733511429219487,1.1310236873129085,1.1884100311710047e-06,8.865136471066071,8.338571624453579,5.992161361246531,4.823335421303732
Bharti Airtel,2020,846765.0,75616.0,-428466.0,-321832.0,-63.41,771448.0,4.823335421303732,52.87695604706644,-7959.1452991453,-6705.208333333333,8.929986477948427,-38.007239316693536,2.806951377762986,-38.514170470614914,8.012354702039426,-38.007239316693536,8.929986477948427,-41.71791228961641,1.0976306893011585,-7.488500351337148e-05,8.29779230216704,-7896.406445642115,-6640.117424242424,18.82375865795114
Bharti Airtel,2021,1006158.0,166217.0,-144882.0,-150835.0,-27.52,589527.0,18.82375865795114,119.81723444773591,-53.1323796266375,-56.59990537770068,16.519970024588584,-14.99118428715967,7.589983546640157,23.016055029533867,-23.58175794091112,-14.99118428715967,16.519970024588584,-25.58576621596636,1.7067208117694357,-2.735156903786483e-05,14.000423236647409,7906.012919518662,6648.608427955633,15.83359671145088
Bharti Airtel,2022,1165469.0,248478.0,124831.0,42549.0,7.67,665543.0,15.83359671145088,49.49012435551117,-128.2089700666291,-127.87063953488374,21.320000789381783,3.6508049549151456,4.800030764793199,18.641989242074818,12.894405175674729,3.6508049549151456,21.320000789381783,6.393125613221084,1.751155071873643,6.581041623586728e-06,-2.9901619465002582,-75.07659043999159,-71.27073415718306,19.389533312340347
Bharti Airtel,2023,1391448.0,352175.0,165607.0,83459.0,14.8,775629.0,19.389533312340347,41.73286971079935,96.14797057510164,92.95958279009126,25.30996487112705,5.997996331878733,3.989964081745271,2.3471913769635875,16.54077948381998,5.997996331878733,25.30996487112705,10.760170132885696,1.7939607724827205,1.0636401791515026e-05,3.555936600889467,224.35694064173077,220.830222324975,7.788720814575889
Bharti Airtel,2024,1499824.0,392804.0,126790.0,74670.0,13.09,820188.0,7.788720814575889,11.53659402285796,-10.530919373584634,-11.554054054054063,26.19000629407184,4.978584153874055,0.8800414229447853,-1.0194121780046783,5.744885763683416,4.978584153874055,26.19000629407184,9.104010300077544,1.828634410647315,8.727690715710643e-06,-11.600812497764458,-106.67888994868628,-104.51363684414532,21.021533193228017
Coforge,2017,27558.0,3269.0,3510.0,2232.0,8.0,16865.0,0.0,0.0,0.0,0.0,11.86225415487336,8.099281515349444,0.0,0.0,0.0,8.099281515349444,11.86225415487336,13.23450933886748,1.6340349836940409,0.0002902968285071,0.0,0.0,0.0,6.923579359895493
Coforge,2018,29466.0,3739.0,4040.0,2802.0,9.0,17740.0,6.923579359895493,14.377485469562568,25.537634408602152,12.5,12.689201113147355,9.509264915495825,0.8269469582739966,1.4099834001463805,5.188259709457466,9.509264915495825,12.689201113147355,15.794813979706875,1.6609921082299888,0.0003054367745876,0.0,0.0,0.0,25.456458290911566
Coforge,2019,36967.0,5181.0,5620.0,4033.0,13.0,20723.0,25.456458290911566,38.56646162075421,43.93290506780871,44.44444444444444,14.015202748397218,10.909730299997294,1.3260016352498631,1.4004653845014694,16.815107102593018,10.909730299997294,14.015202748397218,19.461467934179414,1.7838633402499635,0.0003516649985121,18.53287893101607,18.39527065920656,31.944444444444443,12.543619985392374
Coforge,2020,41604.0,5432.0,5950.0,4440.0,15.0,23970.0,12.543619985392374,4.844624589847513,10.09174311926606,15.384615384615374,13.056436881069128,10.67205076434958,-0.95876586732809,-0.2376795356477128,15.668580803937648,10.67205076434958,13.056436881069128,18.523153942428035,1.7356695869837298,0.0003605422555523,-12.912838305519193,-33.84116194854265,-29.05982905982907,12.150274012114217
Coforge,2021,46659.0,5779.0,5960.0,4556.0,15.0,24661.0,12.150274012114217,6.388070692194403,2.612612612612608,0.0,12.385606206733964,9.764461304357145,-0.6708306743351642,-0.9075894599924368,2.882770129328338,9.764461304357145,12.385606206733964,18.474514415473823,1.8920157333441463,0.0003214813862277,-0.3933459732781585,-7.479130506653453,-15.384615384615374,37.37113954435372
Coforge,2022,64096.0,8747.0,8620.0,6617.0,22.0,27331.0,37.37113954435372,51.35836649939436,45.23705004389815,46.66666666666666,13.646717423864205,10.323577134298551,1.2611112171302403,0.5591158299414065,10.82681156481895,10.323577134298551,13.646717423864205,24.21060334418792,2.3451758076909006,0.000343235147279,25.2208655322395,42.62443743128554,46.66666666666666,25.41344233649525
Coforge,2023,80385.0,9699.0,9510.0,6938.0,23.0,30830.0,25.41344233649525,10.883731565108048,4.851141000453385,4.545454545454541,12.0656838962493,8.630963488212975,-1.5810335276149043,-1.692613646085576,12.80231239252132,8.630963488212975,12.0656838962493,22.504054492377552,2.6073629581576387,0.0002861230329041,-11.957697207858466,-40.38590904344477,-42.12121212121212,12.409031535734272
Coforge,2024,90360.0,11615.0,10560.0,8213.0,26.0,36270.0,12.409031535734272,19.75461387771935,18.3770539060248,13.043478260869556,12.854138999557328,9.089198760513504,0.788455103308026,0.4582352723005272,17.64515082711644,9.089198760513504,12.854138999557328,22.644058450510062,2.4913151364764268,0.0002877379371403,-13.00441080076098,13.525912905571412,8.498023715415014,33.61332447985834
HCLTech,2021,75379.0,15437.0,15853.0,11169.0,41.07,60082.0,0.0,0.0,0.0,0.0,20.47917855105533,14.817124132716009,0.0,0.0,0.0,14.817124132716009,20.47917855105533,18.589594221230985,1.2546020438733732,0.000544846707969,0.0,0.0,0.0,13.627137531673284
HCLTech,2022,85651.0,16204.0,16951.0,13523.0,49.77,62006.0,13.627137531673284,4.968581978363673,21.076193034291336,21.18334550766985,18.918634925453294,15.78849050215409,-1.5605436256020404,0.9713663694380816,3.2022902033886917,15.78849050215409,18.918634925453294,21.80917975679773,1.3813340644453762,0.0005810790300171,0.0,0.0,0.0,18.452790977338275
HCLTech,2023,101456.0,18483.0,19488.0,14845.0,54.85,65398.0,18.452790977338275,14.06442853616392,9.775937292020998,10.206951979103884,18.217749566314463,14.631958681595965,-0.7008853591388302,-1.1565318205581274,5.470438344676332,14.631958681595965,18.217749566314463,22.699470931832774,1.5513624269855346,0.0005406284497713,4.82565344566499,-11.300255742270338,-10.976393528565964,8.335633180886305
HCLTech,2024,109913.0,20027.0,20967.0,15710.0,57.99,68271.0,8.335633180886305,8.35362224747065,5.8268777366116575,5.724703737465808,18.220774612648185,14.293122742532727,0.0030250463337218,-0.3388359390632338,4.393100706443631,14.293122742532727,18.220774612648185,23.011234638426277,1.6099515167494252,0.0005275991011072,-10.11715779645197,-3.949059555409341,-4.482248241638076,6.497866494409221
Hindustan Unilever,2017,338950.0,61750.0,63960.0,44900.0,20.75,64900.0,0.0,0.0,0.0,0.0,18.218026257560112,13.246791562177313,0.0,0.0,0.0,13.246791562177313,18.218026257560112,69.18335901386749,5.222650231124807,6.121846880070807e-05,0.0,0.0,0.0,2.136008260805422
Hindustan Unilever,2018,346190.0,73670.0,73470.0,52370.0,24.2,70750.0,2.136008260805422,19.30364372469635,16.636971046770597,16.626506024096386,21.280221843496346,15.127531124526994,3.0621955859362338,1.8807395623496816,9.01386748844375,15.127531124526994,21.280221843496346,74.02120141342756,4.893144876325088,6.990381004650626e-05,0.0,0.0,0.0,8.784193650885342
Hindustan Unilever,2019,376600.0,86370.0,87490.0,60800.0,27.89,76590.0,8.784193650885342,17.23903895751324,16.097002100439184,15.247933884297527,22.934147636749863,16.14445034519384,1.6539257932535207,1.0169192206668445,8.25441696113074,16.14445034519384,22.934147636749863,79.3837315576446,4.917091004047526,7.405735528412108e-05,6.64818539007992,-0.5399689463314132,-1.3785721397988588,1.627721720658526
Hindustan Unilever,2020,382730.0,86670.0,92890.0,67380.0,31.13,80310.0,1.627721720658526,0.3473428273706114,10.82236842105264,11.617067049121532,22.64520680375199,17.605100201186215,-0.2889408329978771,1.4606498559923755,4.8570309439874615,17.605100201186215,22.64520680375199,83.89988793425476,4.765658074959532,8.133671256499359e-05,-7.156471930226816,-5.274633679386543,-3.630866835175995,18.38894259660857
Hindustan Unilever,2021,453110.0,103120.0,107170.0,79540.0,33.85,474340.0,18.38894259660857,18.980039229260413,18.046898189373707,8.737552200449738,22.758270618613583,17.55423627816645,0.1130638148615936,-0.0508639230197651,490.6362843979579,17.55423627816645,22.758270618613583,16.76856263439727,0.9552430745878484,7.47059212994637e-05,16.761220875950045,7.224529768321066,-2.8795148486717945,11.090022290393064
Hindustan Unilever,2022,503360.0,114780.0,117730.0,88180.0,37.53,487600.0,11.090022290393064,11.307214895267649,10.862459140055323,10.871491875923178,22.80276541640178,17.518277177368084,0.0444947977881966,-0.0359591007983652,2.795463169878154,17.518277177368084,22.80276541640178,18.08449548810501,1.0323215750615258,7.455896376350922e-05,-7.298920306215507,-7.184439049318382,2.1339396754734405,15.531627463445652
Hindustan Unilever,2023,581540.0,126020.0,130790.0,99620.0,42.4,502210.0,15.531627463445652,9.792646802578853,12.973463370378768,12.976285638156138,21.670048491935205,17.130377961963063,-1.132716924466575,-0.3878992154050209,2.9963084495488124,17.130377961963063,21.670048491935205,19.83632345034945,1.1579618088050816,7.290986002682533e-05,4.4416051730525865,2.1110042303234438,2.10479376223296,2.45039034288268
Hindustan Unilever,2024,595790.0,130930.0,136750.0,101140.0,43.05,509730.0,2.45039034288268,3.89620695127757,1.5257980325235954,1.5330188679245182,21.975863978918746,16.9757800567314,0.3058154869835405,-0.1545979052316646,1.4973815734453666,16.9757800567314,21.975863978918746,19.841877072175464,1.168834480999745,7.225700330653417e-05,-13.081237120562973,-11.447665337855174,-11.44326677023162,1.8479665654005608
Infosys,2017,68484.0,16901.0,19951.0,14353.0,31.4,68982.0,0.0,0.0,0.0,0.0,24.67875708194615,20.95818001284972,0.0,0.0,0.0,20.95818001284972,24.67875708194615,20.80687715635963,0.9927807254066278,0.0004585012557677,0.0,0.0,0.0,2.9758775772443125
Infosys,2018,70522.0,17148.0,20270.0,16029.0,35.53,64924.0,2.9758775772443125,1.4614519850896457,11.677001323765058,13.152866242038218,24.31581634099997,22.729077451008195,-0.3629407409461791,1.770897438158478,-5.882694036125368,22.729077451008195,24.31581634099997,24.68886698293389,1.0862238925512908,0.0005038144125237,0.0,0.0,0.0,17.232920223476356
Infosys,2019,82675.0,18880.0,21041.0,15404.0,35.44,64948.0,17.232920223476356,10.10030324236062,-3.899182731299522,-0.2533070644525903,22.836407620199576,18.63199274266707,-1.479408720800393,-4.097084708341125,0.0369662990573615,18.63199274266707,22.836407620199576,23.71743548685102,1.272941430067131,0.000428666465074,14.257042646232044,-15.57618405506458,-13.406173306490809,9.816752343513755
Infosys,2020,90791.0,19374.0,22007.0,16594.0,38.97,65450.0,9.816752343513755,2.6165254237288105,7.72526616463256,9.960496613995495,21.33911951625161,18.2771420074677,-1.497288103947966,-0.3548507351993706,0.7729260331341914,18.2771420074677,21.33911951625161,25.353705118411003,1.3871810542398777,0.000429227566609,-7.4161678799625985,11.624448895932083,10.213803678448086,10.662951173574475
Infosys,2021,100472.0,24622.0,26628.0,19351.0,45.61,76351.0,10.662951173574475,27.08784969546816,16.61443895383874,17.03874775468308,24.506330121824988,19.26009236404172,3.167210605573377,0.9829503565740224,16.655462184873947,19.26009236404172,24.506330121824988,25.34478919726002,1.31592251574963,0.0004539573214427,0.8461988300607182,8.889172789206178,7.078251140687584,21.069551715900943
Infosys,2022,121641.0,28015.0,30110.0,22110.0,52.52,75350.0,21.069551715900943,13.780359028511093,14.257661102785391,15.150186362639785,23.0308859677247,18.176437221002782,-1.4754441541002876,-1.0836551430389356,-1.311050280939341,18.176437221002782,23.0308859677247,29.34306569343066,1.614346383543464,0.0004317623169819,10.406600542326473,-2.356777851053348,-1.8885613920432969,20.65586438782976
Infosys,2023,146767.0,33519.0,35023.0,24095.0,57.63,75407.0,20.65586438782976,19.646617883276814,8.977838082315692,9.729626808834734,22.83824020386054,16.417178248516358,-0.1926457638641601,-1.7592589724864285,0.0756469807564608,16.417178248516358,22.83824020386054,31.95326693808267,1.9463312424575967,0.0003926632008557,-0.4136873280711874,-5.279823020469699,-5.420559553805049,4.7033733741236095
Infosys,2024,153670.0,31747.0,35988.0,26233.0,63.39,88116.0,4.7033733741236095,-5.286553894805934,8.873210209587047,9.994794377928162,20.65920478948396,17.070996290752912,-2.1790354143765818,0.6538180422365549,16.853872982614337,17.070996290752912,20.65920478948396,29.7709837033002,1.7439511552952929,0.0004125073208824,-15.95249101370615,-0.1046278727286456,0.2651675690934283,6.064944361293678
KPIT Technologies,2022,25237.0,4227.0,4230.0,3184.0,14.14,12392.0,0.0,0.0,0.0,0.0,16.74921741886912,12.61639656060546,0.0,0.0,0.0,12.61639656060546,16.74921741886912,25.693996126533246,2.036555842479019,0.0005602884653484,0.0,0.0,0.0,53.60383563815034
KPIT Technologies,2023,38765.0,6372.0,6385.0,4771.0,20.88,16634.0,53.60383563815034,50.745209368346345,49.84296482412061,47.66619519094766,16.43750806139559,12.307493873339352,-0.3117093574735285,-0.3089026872661087,34.231762427372495,12.307493873339352,16.43750806139559,28.68221714560539,2.3304677167247805,0.0005386302076615,0.0,0.0,0.0,24.49890365019993
KPIT Technologies,2024,48262.0,8274.0,8291.0,6207.0,27.04,21144.0,24.49890365019993,29.849340866290007,30.098511842381058,29.501915708812263,17.143922754962496,12.861050101529154,0.7064146935669058,0.5535562281898017,27.113141757845383,12.861050101529154,17.143922754962496,29.35584562996595,2.2825387816874763,0.0005602751647258,-29.10493198795041,-19.74445298173955,-18.164279482135395,15.63756164270027
LTIMindtree,2023,331788.0,55005.0,57898.0,44103.0,149.0,165992.0,0.0,0.0,0.0,0.0,16.578357264277187,13.29252414192195,0.0,0.0,0.0,13.29252414192195,16.578357264277187,26.56935273989108,1.9988192202033832,0.0004490819438918,0.0,0.0,0.0,7.047271149046974
LTIMindtree,2024,355170.0,55685.0,60487.0,45846.0,155.0,200264.0,7.047271149046974,1.2362512498863776,3.9521121012175975,4.026845637583887,15.678407523157926,12.908184812906494,-0.8999497411192614,-0.3843393290154555,20.64677815798353,12.908184812906494,15.678407523157926,22.89278152838253,1.7735089681620262,0.0004364107328884,0.0,0.0,0.0,7.01382436579665
Larsen & Toubro,2017,1100110.0,111300.0,108000.0,64860.0,43.2,502170.0,0.0,0.0,0.0,0.0,10.1171701011717,5.895774058957741,0.0,0.0,0.0,5.895774058957741,10.1171701011717,12.915944799569868,2.19071230858076,3.9268800392688e-05,0.0,0.0,0.0,8.954559089545588
Larsen & Toubro,2018,1198620.0,136410.0,129000.0,80040.0,52.62,549040.0,8.954559089545588,22.56064690026953,23.404255319148938,21.805555555555543,11.3805876758272,6.677679331230915,1.2634175746555003,0.7819052722731739,9.333492641934017,6.677679331230915,11.3805876758272,14.578172810724174,2.1831196269852837,4.390048555839215e-05,0.0,0.0,0.0,12.813068361949576
Larsen & Toubro,2019,1352200.0,153300.0,143000.0,102170.0,63.51,623750.0,12.813068361949576,12.38179019133494,27.64867566216891,20.69555302166477,11.337080313563082,7.555834935660405,-0.0435073622641191,0.87815560442949,13.607387439895092,7.555834935660405,11.337080313563082,16.379959919839678,2.167855711422846,4.696790415618991e-05,3.858509272403987,4.244420343019971,-1.1100025338907713,7.566927969235326
Larsen & Toubro,2020,1454520.0,163290.0,150000.0,108940.0,68.04,667230.0,7.566927969235326,6.516634050880632,6.626211216599787,7.132735002361845,11.22638396171933,7.489756070731238,-0.1106963518437513,-0.0660788649291674,6.970741482965925,7.489756070731238,11.22638396171933,16.32720351303149,2.1799379524301963,4.6778318620575865e-05,-5.246140392714249,-21.02246444556912,-13.562818019302927,-6.512801474025798
Larsen & Toubro,2021,1359790.0,156240.0,151000.0,129210.0,82.49,758690.0,-6.512801474025798,-4.317471982362664,18.606572425188173,21.237507348618443,11.490009486758986,9.502202545981364,0.2636255250396555,2.012446475250126,13.70741723243858,9.502202545981364,11.490009486758986,17.030671288668625,1.7922867047147055,6.0663778965869725e-05,-14.079729443261124,11.980361208588386,14.1047723462566,15.106744423771312
Larsen & Toubro,2022,1565210.0,182050.0,144950.0,104190.0,61.71,824080.0,15.106744423771312,16.51945724526369,-19.363826329231483,-25.190932234210205,11.63102714651708,6.656614767347513,0.141017659758095,-2.845587778633851,8.618803463865344,6.656614767347513,11.63102714651708,12.643189981555189,1.899342296864382,3.94260195117588e-05,21.61954589779711,-37.970398754419655,-46.428439582828645,17.135080915659874
Larsen & Toubro,2023,1833410.0,207530.0,171090.0,125310.0,74.51,893260.0,17.135080915659874,13.996154902499304,20.270659372300614,20.742181169988672,11.319344827398128,6.834805089968965,-0.3116823191189528,0.178190322621452,8.394816037277941,6.834805089968965,11.319344827398128,14.028390390255916,2.052493115106464,4.064011868594586e-05,2.0283364918885614,39.6344857015321,45.93311340419888,20.602047550738774
Larsen & Toubro,2024,2211130.0,234940.0,175000.0,155470.0,93.96,863590.0,20.602047550738774,13.207729003035706,24.06831058973744,26.10387867400348,10.62533636647325,7.031246466738726,-0.6940084609248771,0.1964413767697612,-3.321541320556165,7.031246466738726,10.62533636647325,18.00275593742401,2.5603932421635265,4.249410934680457e-05,3.4669666350789043,3.797651217436826,5.361697504014806,15.65760493503321
Mphasis,2017,60760.0,9690.0,10990.0,7920.0,37.62,61520.0,0.0,0.0,0.0,0.0,15.947992100065832,13.0348913759052,0.0,0.0,0.0,13.0348913759052,15.947992100065832,12.873862158647595,0.9876462938881664,0.0006191573403554,0.0,0.0,0.0,7.735352205398294
Mphasis,2018,65460.0,10620.0,11280.0,8380.0,43.34,54810.0,7.735352205398294,9.597523219814242,5.808080808080818,15.204678362573109,16.22364802933089,12.8017109685304,0.2756559292650564,-0.2331804073747996,-10.907022106631992,12.8017109685304,16.22364802933089,15.289180806422188,1.1943076081007116,0.0006620837152459,0.0,0.0,0.0,18.10265811182401
Mphasis,2019,77310.0,13240.0,14070.0,10730.0,57.64,52490.0,18.10265811182401,24.670433145009408,28.04295942720765,32.99492385786802,17.12585693959384,13.879187685939725,0.9022089102629528,1.077476717409322,-4.232804232804233,13.879187685939725,17.12585693959384,20.441988950276244,1.4728519718041533,0.0007455697839865,10.367305906425717,22.23487861912683,17.790245495294908,14.396585176561905
Mphasis,2020,88440.0,16500.0,15150.0,11850.0,63.52,58290.0,14.396585176561905,24.622356495468267,10.438024231127674,10.201249132546852,18.65671641791045,13.398914518317504,1.5308594783166072,-0.4802731676222187,11.049723756906072,13.398914518317504,18.65671641791045,20.32938754503345,1.5172413793103448,0.0007182270465852,-3.706072935262105,-17.604935196079975,-22.793674725321164,9.92763455450023
Mphasis,2021,97220.0,18030.0,16310.0,12170.0,65.06,65260.0,9.92763455450023,9.272727272727275,2.700421940928277,2.4244332493702725,18.545566755811564,12.518000411437976,-0.1111496620988852,-0.8809141068795281,11.95745410876652,12.518000411437976,18.545566755811564,18.648482991112477,1.4897333741955257,0.0006692038675169,-4.468950622061675,-7.737602290199397,-7.77681588317658,23.0302406912158
Mphasis,2022,119610.0,21180.0,19130.0,14310.0,76.4,69430.0,23.0302406912158,17.470881863560738,17.584223500410843,17.430064555794655,17.707549535991973,11.96388261851016,-0.8380172198195908,-0.5541177929278174,6.389825314128106,11.96388261851016,17.707549535991973,20.610687022900763,1.7227423304047242,0.0006387425800518,13.102606136715568,14.883801559482569,15.005631306424382,15.35824763815734
Mphasis,2023,137980.0,24340.0,21730.0,16380.0,86.94,79340.0,15.35824763815734,14.919735599622276,14.465408805031444,13.795811518324586,17.640237715610958,11.87128569357878,-0.0673118203810148,-0.092596924931378,14.273368860723036,11.87128569357878,17.640237715610958,20.645323922359463,1.7390975548273255,0.0006300913175822,-7.671993053058458,-3.118814695379399,-3.634253037470069,-3.761414697782284
Mphasis,2024,132790.0,24220.0,20680.0,15550.0,82.27,87940.0,-3.761414697782284,-0.4930156121610518,-5.067155067155071,-5.371520588911894,18.23932525039536,11.710219143007755,0.5990875347844025,-0.1610665505710233,10.839425258381642,11.710219143007755,18.23932525039536,17.682510802820104,1.5100068228337502,0.0006195496648844,-19.119662335939623,-19.532563872186515,-19.16733210723648,7.161683861736568
Persistent Systems,2017,28784.39,3163.3,4006.73,3014.65,37.68,18968.38,0.0,0.0,0.0,0.0,10.989637091492996,10.473211348234235,0.0,0.0,0.0,10.473211348234235,10.989637091492996,15.89302829234758,1.5174933230987568,0.0013090428527406,0.0,0.0,0.0,5.394034752864307
Persistent Systems,2018,30337.03,3102.39,4292.61,3230.88,40.39,21245.6,5.394034752864307,-1.9255208168684643,7.172640273331887,7.192144373673037,10.226413066803175,10.649954857149828,-0.7632240246898174,0.1767435089155924,12.005347847312198,10.649954857149828,10.226413066803175,15.20728998004293,1.4279206047369808,0.001331376209207,0.0,0.0,0.0,10.951566451956584
Persistent Systems,2019,33659.41,4866.44,4863.39,3516.79,43.99,23394.09,10.951566451956584,56.86100071235403,8.849291833803786,8.9130973013122,14.457888596383594,10.448162935713963,4.2314755295804165,-0.2017919214358627,10.112635086794452,10.448162935713963,14.457888596383594,15.032813843154402,1.438799713944847,0.0013069153618557,5.5575316990922765,1.6766515604718988,1.7209529276391633,5.937923451421168
Persistent Systems,2020,35658.08,3269.92,4523.42,3402.89,44.38,23799.84,5.937923451421168,-32.80673346429833,-3.238748972784844,0.886565128438277,9.17020770607952,9.54311056568385,-5.287680890304074,-0.9050523700301144,1.7344124092879776,9.54311056568385,9.17020770607952,14.297953263551353,1.4982487277225394,0.0012445986996495,-5.013643000535416,-12.08804080658863,-8.026532172873925,17.445695337494314
Persistent Systems,2021,41878.88,5074.65,6094.43,4506.77,58.97,27899.35,17.445695337494314,55.19187013749571,32.439485261057534,32.87516899504279,12.11744440156948,10.761438701321527,2.947236695489959,1.2183281356376767,17.224947730741036,10.761438701321527,12.11744440156948,16.153673831110762,1.501070096615154,0.0014081083352754,11.507771886073147,35.678234233842375,31.988603866604517,36.36338889674222
Persistent Systems,2022,57107.46,7921.59,9242.79,6903.86,90.34,33624.4,36.36338889674222,56.10120895037098,53.18864730172606,53.19654061387147,13.87137512332014,12.089243681998814,1.7539307217506614,1.3278049806772874,20.52037054626721,12.089243681998814,13.87137512332014,20.532292026028717,1.6983934285816251,0.0015819299264929,18.91769355924791,20.749162040668523,20.32137161882868,46.22593965832134
Persistent Systems,2023,83505.92,12175.75,12408.52,9210.93,123.73,39588.11,46.22593965832134,53.70336005776617,33.41710289606106,36.96037192827097,14.58070278131179,11.030271865755148,0.7093276579916505,-1.058971816243668,17.736257003842447,11.030271865755148,14.58070278131179,23.266910190963905,2.1093686968132603,0.00148169135793,9.862550761579117,-19.771544405665,-16.236168685600497,17.615457682521196
Persistent Systems,2024,98215.87,13663.13,14476.06,10934.91,72.44,49513.46,17.615457682521196,12.215920990493402,18.716676817650324,-41.45316414774105,13.911326143117195,11.133546951220817,-0.6693766381945938,0.1032750854656683,25.071542945596548,11.133546951220817,13.911326143117195,22.08472201296375,1.983619605658744,0.0007375590115935,-28.61048197580014,-14.700426078410736,-78.41353607601202,21.55588501125123
Reliance Industries,2017,3301800.0,556000.0,395000.0,299400.0,101.3,2510000.0,0.0,0.0,0.0,0.0,16.839299775879823,9.067781210248956,0.0,0.0,0.0,9.067781210248956,16.839299775879823,11.92828685258964,1.315458167330677,3.068023502332061e-05,0.0,0.0,0.0,30.23199466957418
Reliance Industries,2018,4300000.0,720000.0,490000.0,360000.0,61.0,2860000.0,30.23199466957418,29.49640287769784,20.240480961923858,-39.78282329713721,16.74418604651163,8.372093023255815,-0.0951137293681938,-0.6956881869931415,13.94422310756973,8.372093023255815,16.74418604651163,12.587412587412588,1.5034965034965035,1.4186046511627907e-05,0.0,0.0,0.0,43.0232558139535
Reliance Industries,2019,6150000.0,930000.0,600000.0,394000.0,66.8,3390000.0,43.0232558139535,29.166666666666675,9.444444444444455,9.508196721311467,15.121951219512194,6.406504065040651,-1.6222348269994349,-1.965588958215164,18.53146853146854,6.406504065040651,15.121951219512194,11.622418879056047,1.8141592920353984,1.0861788617886178e-05,12.791261144379316,-10.796036517479402,49.29102001844868,-3.089430894308942
Reliance Industries,2020,5960000.0,905000.0,570000.0,392000.0,63.1,3940000.0,-3.089430894308942,-2.6881720430107503,-0.5076142131979711,-5.538922155688619,15.18456375838926,6.577181208053691,0.062612538877067,0.17067714301304,16.22418879056047,6.577181208053691,15.18456375838926,9.949238578680204,1.512690355329949,1.0587248322147652e-05,-46.11268670826244,-9.952058657642429,-15.047118877000086,-9.395973154362414
Reliance Industries,2021,5400000.0,970000.0,810000.0,491280.0,76.4,7100000.0,-9.395973154362414,7.182320441988943,25.326530612244905,21.07765451664025,17.962962962962965,9.09777777777778,2.778399204573704,2.520596569724088,80.20304568527918,9.09777777777778,17.962962962962965,6.91943661971831,0.7605633802816901,1.4148148148148148e-05,-6.306542260053472,25.834144825442877,26.616576672328875,46.806666666666665
Reliance Industries,2022,7927560.0,1245000.0,1150000.0,677020.0,89.5,7150000.0,46.806666666666665,28.35051546391753,37.80736036476144,17.14659685863873,15.704706113861011,8.540080428278058,-2.2582568491019543,-0.5576973494997208,0.7042253521126751,8.540080428278058,15.704706113861011,9.46881118881119,1.1087496503496503,1.1289728491490444e-05,56.20263982102908,12.48082975251654,-3.931057658001525,23.36708899081179
Reliance Industries,2023,9780000.0,1540000.0,1350000.0,740000.0,98.0,8790000.0,23.36708899081179,23.69477911646587,9.302531682963576,9.49720670391061,15.74642126789366,7.566462167689162,0.0417151540326479,-0.9736182605888964,22.937062937062947,7.566462167689162,15.74642126789366,8.418657565415245,1.1126279863481228,1.0020449897750513e-05,-23.439577675854878,-28.504828681797868,-7.64939015472812,1.8404907975460016
Reliance Industries,2024,9960000.0,1770000.0,1300000.0,790000.0,102.9,10000000.0,1.8404907975460016,14.935064935064934,6.756756756756754,5.000000000000004,17.771084337349397,7.931726907630522,2.024663069455737,0.3652647399413604,13.76564277588168,7.931726907630522,17.771084337349397,7.9,0.996,1.033132530120482e-05,-21.52659819326579,-2.545774926206823,-4.497206703910606,7.429718875502012
TCS,2017,117966.0,30324.0,34513.0,26289.0,133.41,86214.0,0.0,0.0,0.0,0.0,25.70571181526881,22.28523472865063,0.0,0.0,0.0,22.28523472865063,25.70571181526881,30.4927273992623,1.3682928526689402,0.0011309190783785,0.0,0.0,0.0,4.355492260481841
TCS,2018,123104.0,30502.0,34092.0,25826.0,134.19,85128.0,4.355492260481841,0.586993800290192,-1.76119289436647,0.584663818304465,24.77742396672732,20.979009617884063,-0.9282878485414868,-1.3062251107665652,-1.259656204328763,20.979009617884063,24.77742396672732,30.33784418757636,1.44610468940889,0.0010900539381336,0.0,0.0,0.0,18.97501299714064
TCS,2019,146463.0,37450.0,41563.0,31472.0,83.05,89446.0,18.97501299714064,22.778834174808217,21.861689769999227,-38.11014233549445,25.56959778237507,21.488020865338004,0.7921738156477502,0.509011247453941,5.07236162014848,21.488020865338004,25.56959778237507,35.185475035216776,1.637446056838763,0.0005670374087653,14.619520736658796,23.622882664365697,-38.69480615379891,7.1594873790650215
TCS,2020,156949.0,38580.0,42248.0,32340.0,86.19,84126.0,7.1594873790650215,3.0173564753003923,2.758007117437722,3.780854906682718,24.58123339428732,20.60541959490025,-0.9883643880877528,-0.8826012704377497,-5.947722648301768,20.60541959490025,24.58123339428732,38.44233649525711,1.86564201317072,0.0005491592810403,-11.815525618075617,-19.103682652561503,41.89099724217717,4.605317650956686
TCS,2021,164177.0,42481.0,44978.0,33388.0,89.27,86433.0,4.605317650956686,10.111456713322964,3.2405689548546723,3.5735004060795994,25.87512258111672,20.336587950809182,1.2938891868294036,-0.2688316440910689,2.7423150987804013,20.336587950809182,25.87512258111672,38.62876447653096,1.8994712667615377,0.0005437424243347,-2.5541697281083358,0.4825618374169504,-0.2073545006031185,16.79711530847805
TCS,2022,191754.0,48453.0,51687.0,38327.0,103.62,89139.0,16.79711530847805,14.058049480944424,14.792739906553257,16.074829169933924,25.2683125254232,19.98758826413008,-0.6068100556935221,-0.3489996866791038,3.1307486723820777,19.98758826413008,25.2683125254232,42.996892493745726,2.1511796183488707,0.0005403798616978,12.191797657521365,11.552170951698582,12.501328763854325,17.576686796624852
TCS,2023,225458.0,54237.0,56907.0,42147.0,115.19,90424.0,17.576686796624852,11.937341341093433,9.966864090588889,11.165798108473268,24.05636526537093,18.69394743145065,-1.2119472600522665,-1.2936408326794364,1.441568785828884,18.69394743145065,24.05636526537093,46.61041316464655,2.493342475448996,0.0005109155585519,0.7795714881468037,-4.825875815964366,-4.909031061460656,6.846064455463985
TCS,2024,240893.0,59311.0,63038.0,46585.0,127.74,90489.0,6.846064455463985,9.35523719969762,10.529812323534294,10.895042972480253,24.621304894704288,19.33846147459661,0.564939629333356,0.6445140431459606,0.0718835707334442,19.33846147459661,24.621304894704288,51.481395528738304,2.6621246781376744,0.0005302769279306,-10.730622341160869,0.5629482329454056,-0.2707551359930171,5.990626543735189
Tata Elxsi,2017,12370.0,2470.0,2640.0,1750.0,28.05,5580.0,0.0,0.0,0.0,0.0,19.967663702506066,14.147130153597413,0.0,0.0,0.0,14.147130153597413,19.967663702506066,31.36200716845878,2.216845878136201,0.0022675828617623,0.0,0.0,0.0,12.045270816491517
Tata Elxsi,2018,13860.0,3220.0,3640.0,2400.0,38.54,7380.0,12.045270816491517,30.36437246963564,37.142857142857146,37.397504456328,23.232323232323232,17.316017316017316,3.2646595298171697,3.168887162419903,32.258064516129025,17.316017316017316,23.232323232323232,32.52032520325203,1.8780487804878048,0.0027806637806637,0.0,0.0,0.0,15.223665223665227
Tata Elxsi,2019,15970.0,3910.0,4330.0,2900.0,46.56,9420.0,15.223665223665227,21.42857142857142,20.833333333333325,20.809548521017128,24.483406386975577,18.159048215403885,1.2510831546523455,0.8430308993865694,27.642276422764223,18.159048215403885,24.483406386975577,30.78556263269639,1.6953290870488322,0.0029154664996869,3.1783944071737125,-16.30952380952382,-16.587955935310866,0.8140262993111991
Tata Elxsi,2020,16100.0,3010.0,3520.0,2560.0,41.12,10900.0,0.8140262993111991,-23.01790281329923,-11.724137931034484,-11.683848797250873,18.695652173913043,15.900621118012422,-5.787754213062534,-2.258427097391463,15.71125265392781,15.900621118012422,18.695652173913043,23.486238532110093,1.4770642201834865,0.0025540372670807,-14.40963892435403,-32.557471264367805,-32.493397318268,13.41614906832298
Tata Elxsi,2021,18260.0,4800.0,5120.0,3680.0,59.11,13520.0,13.41614906832298,59.46843853820598,43.75,43.75,26.286966046002192,20.153340635268343,7.591313872089149,4.252719517255924,24.036697247706428,20.153340635268343,26.286966046002192,27.2189349112426,1.3505917159763314,0.0032371303395399,12.602122769011782,55.47413793103448,55.43384879725088,35.32311062431543
Tata Elxsi,2022,24710.0,7120.0,7450.0,5500.0,88.26,16000.0,35.32311062431543,48.33333333333334,49.45652173913045,49.314836745051615,28.814245244840148,22.25819506272764,2.527279198837956,2.104854427459294,18.343195266272197,22.25819506272764,28.814245244840148,34.375,1.544375,0.0035718332658842,21.906961555992453,5.706521739130444,5.564836745051615,27.276406313233515
Tata Elxsi,2023,31450.0,8810.0,9375.0,7550.0,121.26,20850.0,27.276406313233515,23.73595505617978,37.27272727272728,37.38953093133923,28.012718600953896,24.006359300476948,-0.8015266438862518,1.7481642377493074,30.312500000000007,24.006359300476948,28.012718600953896,36.21103117505996,1.5083932853717026,0.0038556438791732,-8.046704311081918,-12.183794466403164,-11.925305813712384,12.941176470588234
Tata Elxsi,2024,35520.0,9480.0,10487.0,7922.0,127.21,25050.0,12.941176470588234,7.604994324631109,4.92715231788079,4.906811809335299,26.68918918918919,22.30292792792793,-1.3235294117647065,-1.703431372549019,20.14388489208634,22.30292792792793,26.68918918918919,31.624750499002,1.4179640718562874,0.0035813626126126,-14.335229842645282,-32.34557495484649,-32.48271912200393,4.983108108108114
Tech Mahindra,2022,446460.0,64996.0,74521.0,55661.0,62.81,268857.0,0.0,0.0,0.0,0.0,14.55807911123057,12.46718631008377,0.0,0.0,0.0,12.46718631008377,14.55807911123057,20.7028271534682,1.660585366942278,0.0001406844958114,0.0,0.0,0.0,19.36164494019621
Tech Mahindra,2023,532902.0,60721.0,64455.0,48313.0,54.54,279245.0,19.36164494019621,-6.57732783555911,-13.201343849373892,-13.16669320171947,11.39440272320239,9.06601964338659,-3.163676388028181,-3.401166666697181,3.8637640083762026,9.06601964338659,11.39440272320239,17.30129456212287,1.9083672044262208,0.0001023452717385,0.0,0.0,0.0,-2.429527380268792
Tech Mahindra,2024,519955.0,31475.0,32244.0,23578.0,26.58,266694.0,-2.429527380268792,-48.16455591969829,-51.19740028563741,-51.26512651265127,6.053408468040503,4.534623188545162,-5.340994255161887,-4.531396454841427,-4.49461942022239,4.534623188545162,6.053408468040503,8.840843813509116,1.94963141278019,5.111980844496158e-05,-21.791172320465,-37.99605643626352,-38.0984333109318,1.909396005423547
Wipro,2020,613401.0,105730.0,122512.0,97218.0,16.67,559333.0,0.0,0.0,0.0,0.0,17.23668530048044,15.849012310054924,0.0,0.0,0.0,15.849012310054924,17.23668530048044,17.38105922589942,1.0966651350805334,2.7176349565781603e-05,0.0,0.0,0.0,1.4711420424811772
Wipro,2021,622425.0,123053.0,139007.0,107946.0,19.11,554593.0,1.4711420424811772,16.38418613449353,11.034993519718572,14.63707258548288,19.769932120335785,17.34281238703458,2.5332468198553464,1.4938000769796569,-0.8474379305351221,17.34281238703458,19.769932120335785,19.464003332173323,1.122309513463026,3.0702494276418845e-05,0.0,0.0,0.0,27.77266337309716
Wipro,2022,795289.0,140286.0,151275.0,122191.0,22.35,658673.0,27.77266337309716,14.004534631418974,13.196413021325482,16.95447409733124,17.639625343742964,15.364351826820188,-2.130306776592821,-1.9784605602143923,18.7669155578956,15.364351826820188,17.639625343742964,18.55108680635156,1.2074109611294224,2.8102991491143476e-05,26.301521330615984,2.1614195016069093,2.3174015118483595,14.341830454086502
Wipro,2023,909348.0,139606.0,147657.0,113500.0,10.37,781753.0,14.341830454086502,-0.4847240636984495,-7.112635136794032,-53.601789709172266,15.352318364366557,12.481470240216067,-2.2873069793764067,-2.882881586604121,18.686055144206605,12.481470240216067,15.352318364366557,14.518652310896153,1.1632165146791889,1.1403775012426486e-05,-13.430832919010658,-20.309048158119516,-70.55626380650351,-1.2541953135653203
Wipro,2024,897943.0,136099.0,147210.0,110452.0,10.44,751223.0,-1.2541953135653203,-2.5120696818188293,-2.685462555066076,0.6750241080038633,15.156752711475004,12.30055805323946,-0.1955656528915526,-0.1809121869766077,-3.905325595168807,12.30055805323946,15.156752711475004,14.702957710293749,1.1953081841210933,1.1626573178921156e-05,-15.596025767651822,4.427172581727956,54.27681381717613,-0.7825663767076496
