Date,Actual_Direction,Predicted_Direction,UP_Probability,Actual_Label,Predicted_Label
2026-01-01,1,1,0.5086134807283532,UP,UP
2026-01-02,0,0,0.47600872706103353,DOWN,DOWN
2026-01-05,1,0,0.47692322418543964,UP,DOWN
2026-01-06,1,0,0.4902256255522164,UP,DOWN
2026-01-07,0,0,0.4792381568826158,DOWN,DOWN
2026-01-08,1,1,0.5053316036805536,UP,UP
2026-01-09,1,1,0.5152332716529519,UP,UP
2026-01-12,1,0,0.4958034029125449,UP,DOWN
2026-01-13,0,1,0.514686346347872,DOWN,UP
2026-01-14,0,1,0.5149290009110761,DOWN,UP
2026-01-15,0,0,0.49749942144152176,DOWN,DOWN
2026-01-19,0,1,0.5062363720320213,DOWN,UP
2026-01-20,1,1,0.5175323241179248,UP,UP
2026-01-21,1,1,0.5008515655754577,UP,UP
2026-01-22,1,0,0.47899913235074026,UP,DOWN
2026-01-23,0,0,0.48286801167916815,DOWN,DOWN
2026-01-27,1,1,0.5140013791927847,UP,UP
2026-01-28,0,1,0.5056121051416436,DOWN,UP
2026-01-29,0,1,0.5194151826010938,DOWN,UP
2026-01-30,1,1,0.5401657933584321,UP,UP
2026-02-02,1,1,0.5254312162498042,UP,UP
2026-02-03,0,1,0.5311888250998751,DOWN,UP
2026-02-04,0,1,0.5810561336185978,DOWN,UP
2026-02-05,0,1,0.5488916909711269,DOWN,UP
2026-02-06,1,1,0.5677876844788338,UP,UP
2026-02-09,1,1,0.5413453705326754,UP,UP
2026-02-10,0,1,0.5209493172486586,DOWN,UP
2026-02-11,0,1,0.5004782010595474,DOWN,UP
2026-02-12,0,1,0.6133569530023223,DOWN,UP
2026-02-13,1,1,0.6574304197781162,UP,UP
2026-02-16,1,1,0.5625233035992871,UP,UP
2026-02-17,0,1,0.5606526405776667,DOWN,UP
2026-02-18,0,1,0.5638486166459019,DOWN,UP
2026-02-19,1,1,0.5676927642900882,UP,UP
2026-02-20,0,1,0.5569362045446941,DOWN,UP
2026-02-23,0,1,0.5743423374397489,DOWN,UP
2026-02-24,1,1,0.6230363060357602,UP,UP
2026-02-25,1,1,0.5912225941066257,UP,UP
2026-02-26,0,1,0.5733267841985781,DOWN,UP
2026-02-27,0,1,0.5901658886503262,DOWN,UP
2026-03-02,0,1,0.5706460787239347,DOWN,UP
2026-03-04,0,1,0.5586646406513366,DOWN,UP
2026-03-05,0,1,0.6393638609567225,DOWN,UP
2026-03-06,0,1,0.6471070073330649,DOWN,UP
2026-03-09,0,1,0.6605780476784472,DOWN,UP
2026-03-10,0,1,0.662762350739131,DOWN,UP
2026-03-11,0,1,0.6363082112945518,DOWN,UP
2026-03-12,0,1,0.6603302347045649,DOWN,UP
2026-03-13,0,1,0.7145069083144769,DOWN,UP
2026-03-16,0,1,0.7399740564759927,DOWN,UP
2026-03-17,1,1,0.725219990768936,UP,UP
2026-03-18,0,1,0.7085809350534527,DOWN,UP
2026-03-19,1,1,0.6968581954354753,UP,UP
2026-03-20,0,1,0.7258883072011747,DOWN,UP
2026-03-23,1,1,0.7037712838453156,UP,UP
2026-03-24,0,1,0.6963281913998608,DOWN,UP
2026-03-25,1,1,0.748026748697931,UP,UP
2026-03-27,0,1,0.7294433646476174,DOWN,UP
2026-03-30,1,1,0.7321202483663503,UP,UP
2026-04-01,1,1,0.7031939379661096,UP,UP
2026-04-02,1,1,0.6872290960593339,UP,UP
2026-04-06,1,1,0.6532941408520461,UP,UP
2026-04-07,1,1,0.6479268473744499,UP,UP
2026-04-08,1,1,0.6395611647389815,UP,UP
2026-04-09,0,1,0.6544726995758331,DOWN,UP
2026-04-10,0,1,0.7041254559678644,DOWN,UP
2026-04-13,1,1,0.6886143040373984,UP,UP
2026-04-15,1,1,0.6892688800030468,UP,UP
2026-04-16,1,1,0.6524636369733597,UP,UP
2026-04-17,0,1,0.63205424986574,DOWN,UP
2026-04-20,1,1,0.6301620109159066,UP,UP
2026-04-21,0,1,0.5981832003062625,DOWN,UP
2026-04-22,0,1,0.6634237710627859,DOWN,UP
2026-04-23,0,1,0.6447524736229291,DOWN,UP
2026-04-24,1,1,0.6611722805341557,UP,UP
2026-04-27,0,1,0.6743565634946684,DOWN,UP
2026-04-28,1,1,0.6333040001792886,UP,UP
2026-04-29,0,1,0.5961807458523346,DOWN,UP
2026-04-30,0,1,0.6076683176509177,DOWN,UP
2026-05-01,0,1,0.5529443498307196,DOWN,UP
2026-05-05,1,1,0.5751285633952482,UP,UP
2026-05-06,0,1,0.5425525839011975,DOWN,UP
2026-05-07,0,1,0.5562596111820878,DOWN,UP
2026-05-08,0,1,0.5345994567535753,DOWN,UP
2026-05-11,0,1,0.5364732859556458,DOWN,UP
2026-05-12,0,1,0.5994462794436891,DOWN,UP
2026-05-13,0,1,0.5811758223338647,DOWN,UP
2026-05-14,1,1,0.5891630434542783,UP,UP
2026-05-15,1,1,0.5554635364650499,UP,UP
2026-05-18,1,1,0.5326433403624209,UP,UP
2026-05-19,1,1,0.5565274580088192,UP,UP
2026-05-20,0,0,0.4985087158630795,DOWN,DOWN
2026-05-21,0,1,0.5139923840441936,DOWN,UP
2026-05-22,0,1,0.5856559351239808,DOWN,UP
2026-05-25,0,1,0.5833107811735813,DOWN,UP
2026-05-26,1,1,0.5973211609931531,UP,UP
2026-05-27,0,1,0.584711673163368,DOWN,UP
2026-05-28,1,1,0.5501595147427818,UP,UP
2026-06-01,1,1,0.6363873235960119,UP,UP
2026-06-02,0,1,0.5944332757011899,DOWN,UP
2026-06-03,0,1,0.6119601322643294,DOWN,UP
2026-06-04,0,1,0.5957131309303173,DOWN,UP
2026-06-05,0,1,0.5846671433391811,DOWN,UP
2026-06-08,0,1,0.6090826724311535,DOWN,UP
2026-06-09,1,1,0.6340172037881725,UP,UP
2026-06-10,0,1,0.6148125412786937,DOWN,UP
2026-06-11,1,1,0.6235802409153464,UP,UP
2026-06-12,1,1,0.6054377462343448,UP,UP
2026-06-15,1,1,0.5920581382582265,UP,UP
2026-06-16,1,1,0.5655601163612738,UP,UP
2026-06-17,0,1,0.5432972673585298,DOWN,UP
2026-06-18,0,1,0.5498845559408371,DOWN,UP
2026-06-19,1,1,0.6643768991544722,UP,UP
2026-06-22,0,1,0.6134050909763269,DOWN,UP
2026-06-23,1,1,0.6388091112134402,UP,UP
2026-06-24,0,1,0.6224664867493287,DOWN,UP
2026-06-25,0,1,0.5869528039870187,DOWN,UP
2026-06-26,0,1,0.5501625894043906,DOWN,UP
2026-06-30,0,1,0.5452398139914688,DOWN,UP
2026-07-01,1,1,0.6619918959564955,UP,UP
2026-07-02,1,1,0.6470231884991977,UP,UP
2026-07-03,0,1,0.5952227462082095,DOWN,UP
2026-07-06,1,1,0.6046117292281289,UP,UP
2026-07-07,0,1,0.6269208004354991,DOWN,UP
2026-07-08,0,1,0.6078977561579386,DOWN,UP
2026-07-09,1,1,0.6363939999858145,UP,UP
2026-07-10,1,1,0.6429119467944033,UP,UP
2026-07-13,1,1,0.6447772629455292,UP,UP
2026-07-14,0,1,0.5556628223180087,DOWN,UP
2026-07-15,1,1,0.5063314962697778,UP,UP
2026-07-16,1,1,0.5173485444087701,UP,UP
2026-07-17,0,1,0.542406597570409,DOWN,UP
2026-07-20,0,0,0.49388081462172273,DOWN,DOWN
2026-07-21,0,1,0.5607467268329638,DOWN,UP
2026-07-22,1,1,0.5419543240447154,UP,UP
2026-07-23,1,1,0.544341863490954,UP,UP
2026-07-24,1,1,0.5341313243103546,UP,UP
2026-07-27,1,1,0.5240708101361519,UP,UP
2026-07-28,1,1,0.5681640768292368,UP,UP
2026-07-29,0,1,0.5675069897531484,DOWN,UP
2026-07-30,0,1,0.5076750616552864,DOWN,UP
2026-07-31,1,1,0.5199552153716042,UP,UP
2026-08-03,0,1,0.5270132181770789,DOWN,UP
2026-08-04,0,0,0.47132021485728115,DOWN,DOWN
2026-08-05,0,1,0.5267365042522958,DOWN,UP
2026-08-06,1,1,0.5551286463097748,UP,UP
2026-08-07,0,1,0.5479430780109681,DOWN,UP
2026-08-10,1,0,0.44950901760398393,UP,DOWN
2026-08-11,0,0,0.4352696988284039,DOWN,DOWN
2026-08-12,1,0,0.48884791650159004,UP,DOWN
2026-08-13,0,0,0.47373297327000136,DOWN,DOWN
2026-08-14,0,0,0.4253921378591318,DOWN,DOWN
2026-08-17,0,0,0.4444426958663661,DOWN,DOWN
2026-08-18,1,0,0.4768851581358383,UP,DOWN
2026-08-19,1,0,0.498340560580346,UP,DOWN
2026-08-20,1,0,0.4660583116445814,UP,DOWN
