Date,Actual,Predicted
2026-05-25,203.72999572753903,238.19438153536365
2026-05-26,201.5800018310547,237.38449592705385
2026-05-27,201.5800018310547,237.3232278110565
2026-05-28,204.25,237.21228497720148
2026-06-01,209.83999633789065,238.20628810543494
2026-06-02,204.1000061035156,238.09372084130197
2026-06-03,204.32000732421875,238.25945290580646
2026-06-04,198.3699951171875,238.30230238378635
2026-06-05,181.759994506836,237.29755775154965
2026-06-08,181.6699981689453,232.22273481447743
2026-06-09,178.92999267578125,232.290187832666
2026-06-10,177.3699951171875,232.09827768955546
2026-06-11,180.13999938964844,232.2949567419992
2026-06-12,181.3800048828125,232.2303738960994
2026-06-15,182.6699981689453,232.25192283145978
2026-06-16,184.47000122070312,232.23006482060762
2026-06-17,182.83999633789065,231.89830743668583
2026-06-18,180.8000030517578,232.15254057245417
2026-06-19,180.17999267578125,232.1047304161315
2026-06-22,174.49000549316406,233.93397031693243
2026-06-23,174.47999572753906,231.954477596283
2026-06-24,175.0,231.80017253663812
2026-06-25,175.0,231.7177618252589
2026-06-26,175.47999572753906,232.95327214455997
2026-06-30,170.1300048828125,234.05987360654564
2026-07-01,174.0,233.84316656554694
2026-07-02,176.0800018310547,231.77644618830615
2026-07-03,174.32000732421875,234.50434286184162
2026-07-06,173.0,234.6886132906978
2026-07-07,172.72000122070312,234.42720041680903
2026-07-08,172.75999450683594,234.57224402860803
2026-07-09,175.4600067138672,234.5354083701259
2026-07-10,178.42999267578125,236.56963287832056
2026-07-13,177.13999938964844,238.05947467513323
2026-07-14,174.64999389648438,237.13276647160043
2026-07-15,177.74000549316406,236.83509030593393
2026-07-16,176.0,236.97343515490988
2026-07-17,176.3800048828125,236.80601516903272
2026-07-20,174.97000122070312,238.4764014289898
2026-07-21,174.44000244140625,238.4375047264706
2026-07-22,174.82000732421875,237.22638997650154
2026-07-23,177.1199951171875,236.8210022752771
2026-07-24,178.52999877929688,237.23836675092917
2026-07-27,181.1199951171875,238.39680676009175
2026-07-28,183.6100006103516,238.53332379307835
2026-07-29,186.3300018310547,238.60320416035742
2026-07-30,183.6499938964844,238.41312105887292
2026-07-31,188.66000366210932,238.66939594123488
2026-08-03,186.3000030517578,238.3725508044411
2026-08-04,186.9900054931641,238.51686909121574
2026-08-05,186.1199951171875,238.51804963998967
2026-08-06,187.52999877929688,238.52055944339827
2026-08-07,185.5,238.36691627902096
2026-08-10,184.6000061035156,238.53525049027957
2026-08-11,183.94000244140625,238.42401062593024
2026-08-12,183.1000061035156,238.73346540778041
2026-08-13,184.0,238.68307051879654
2026-08-14,181.8999938964844,238.48977956717374
2026-08-17,178.05999755859375,237.31351416500038
2026-08-18,179.5500030517578,234.33333297749874
2026-08-19,181.0,234.60580071194155
2026-08-20,180.7899932861328,235.07554781034958
2026-08-21,181.3099975585937,234.6518392070205
2026-08-24,180.08999633789062,234.94593102375612
2026-08-25,177.35000610351562,234.83058060019374
2026-08-26,176.39999389648438,234.50737523021408
2026-08-27,180.9499969482422,234.68270257423055
