Feature,Importance
High,0.48160710945938784
Close,0.21478625721523686
Open,0.16276852788190793
Low,0.12061111420006315
Volatility_20,0.00319400182855345
Price_vs_SMA20,0.002252580638713151
Volume_Change,0.0016396640783064994
MACD_Histogram,0.0016243813922103842
RSI_14,0.0014691370243915382
Volume,0.0013220332226377325
MACD_Signal,0.0013168653414388286
Return_5D,0.0012878698872399496
Daily_Return,0.0012067616134231547
MACD,0.0009269445943485541
SMA_50,0.0008464151072183524
Return_20D,0.0008402156436118375
SMA_20,0.0007845407958403191
Price_vs_SMA50,0.0007836544013645601
EMA_20,0.00073192567410593
