Company,Year,Revenue_Growth,Profit_Growth,EPS_Growth,EBIT_Margin,Net_Profit_Margin,Revenue_Growth_Change,Profit_Growth_Change,EPS_Growth_Change,Next_Year_Revenue_Growth
Bharti Airtel,2019,-3.474456880863308,-62.73885350318472,-65.0909090909091,6.123035100185441,0.5069311539213818,8.865136471066071,8.338571624453579,5.992161361246531,4.823335421303732
Bharti Airtel,2020,4.823335421303732,-7959.1452991453,-6705.208333333333,8.929986477948427,-38.007239316693536,8.29779230216704,-7896.406445642115,-6640.117424242424,18.82375865795114
Bharti Airtel,2021,18.82375865795114,-53.1323796266375,-56.59990537770068,16.519970024588584,-14.99118428715967,14.000423236647409,7906.012919518662,6648.608427955633,15.83359671145088
Bharti Airtel,2022,15.83359671145088,-128.2089700666291,-127.87063953488374,21.320000789381783,3.6508049549151456,-2.9901619465002582,-75.07659043999159,-71.27073415718306,19.389533312340347
Bharti Airtel,2023,19.389533312340347,96.14797057510164,92.95958279009126,25.30996487112705,5.997996331878733,3.555936600889467,224.35694064173077,220.830222324975,7.788720814575889
Bharti Airtel,2024,7.788720814575889,-10.530919373584634,-11.554054054054063,26.19000629407184,4.978584153874055,-11.600812497764458,-106.67888994868628,-104.51363684414532,21.021533193228017
Bharti Airtel,2025,21.021533193228017,351.9083969465649,345.607333842628,31.37920015866807,18.590608833624408,13.232812378652127,362.4393163201496,357.1613878966821,16.231412972216553
Coforge,2019,25.456458290911566,43.93290506780871,44.44444444444444,14.015202748397218,10.909730299997294,18.53287893101607,18.39527065920656,31.944444444444443,12.543619985392374
Coforge,2020,12.543619985392374,10.09174311926606,15.384615384615374,13.056436881069128,10.67205076434958,-12.912838305519193,-33.84116194854265,-29.05982905982907,12.150274012114217
Coforge,2021,12.150274012114217,2.612612612612608,0.0,12.385606206733964,9.764461304357145,-0.3933459732781585,-7.479130506653453,-15.384615384615374,37.37113954435372
Coforge,2022,37.37113954435372,45.23705004389815,46.66666666666666,13.646717423864205,10.323577134298551,25.2208655322395,42.62443743128554,46.66666666666666,25.41344233649525
Coforge,2023,25.41344233649525,4.851141000453385,4.545454545454541,12.0656838962493,8.630963488212975,-11.957697207858466,-40.38590904344477,-42.12121212121212,12.409031535734272
Coforge,2024,12.409031535734272,18.3770539060248,13.043478260869556,12.854138999557328,9.089198760513504,-13.00441080076098,13.525912905571412,8.498023715415014,33.61332447985834
Coforge,2025,33.61332447985834,-1.1201753317910623,-3.846153846153844,10.719521588960763,6.72641282830709,21.20429294412407,-19.497229237815866,-16.8896321070234,35.859292819693046
HCLTech,2023,18.452790977338275,9.775937292020998,10.206951979103884,18.217749566314463,14.631958681595965,4.82565344566499,-11.300255742270338,-10.976393528565964,8.335633180886305
HCLTech,2024,8.335633180886305,5.8268777366116575,5.724703737465808,18.220774612648185,14.293122742532727,-10.11715779645197,-3.949059555409341,-4.482248241638076,6.497866494409221
HCLTech,2025,6.497866494409221,10.693825588796946,10.63976547680634,18.299090171287,14.85626414933151,-1.8377666864770836,4.866947852185288,4.915061739340531,11.181923027636586
Hindustan Unilever,2019,8.784193650885342,16.097002100439184,15.247933884297527,22.934147636749863,16.14445034519384,6.64818539007992,-0.5399689463314132,-1.3785721397988588,1.627721720658526
Hindustan Unilever,2020,1.627721720658526,10.82236842105264,11.617067049121532,22.64520680375199,17.605100201186215,-7.156471930226816,-5.274633679386543,-3.630866835175995,18.38894259660857
Hindustan Unilever,2021,18.38894259660857,18.046898189373707,8.737552200449738,22.758270618613583,17.55423627816645,16.761220875950045,7.224529768321066,-2.8795148486717945,11.090022290393064
Hindustan Unilever,2022,11.090022290393064,10.862459140055323,10.871491875923178,22.80276541640178,17.518277177368084,-7.298920306215507,-7.184439049318382,2.1339396754734405,15.531627463445652
Hindustan Unilever,2023,15.531627463445652,12.973463370378768,12.976285638156138,21.670048491935205,17.130377961963063,4.4416051730525865,2.1110042303234438,2.10479376223296,2.45039034288268
Hindustan Unilever,2024,2.45039034288268,1.5257980325235954,1.5330188679245182,21.975863978918746,16.9757800567314,-13.081237120562973,-11.447665337855174,-11.44326677023162,1.8479665654005608
Hindustan Unilever,2025,1.8479665654005608,5.240261024322712,5.226480836236935,21.530982201713908,17.541199736321687,-0.6024237774821195,3.7144629917991168,3.693461968312417,2.134146341463405
Infosys,2019,17.232920223476356,-3.899182731299522,-0.2533070644525903,22.836407620199576,18.63199274266707,14.257042646232044,-15.57618405506458,-13.406173306490809,9.816752343513755
Infosys,2020,9.816752343513755,7.72526616463256,9.960496613995495,21.33911951625161,18.2771420074677,-7.4161678799625985,11.624448895932083,10.213803678448086,10.662951173574475
Infosys,2021,10.662951173574475,16.61443895383874,17.03874775468308,24.506330121824988,19.26009236404172,0.8461988300607182,8.889172789206178,7.078251140687584,21.069551715900943
Infosys,2022,21.069551715900943,14.257661102785391,15.150186362639785,23.0308859677247,18.176437221002782,10.406600542326473,-2.356777851053348,-1.8885613920432969,20.65586438782976
Infosys,2023,20.65586438782976,8.977838082315692,9.729626808834734,22.83824020386054,16.417178248516358,-0.4136873280711874,-5.279823020469699,-5.420559553805049,4.7033733741236095
Infosys,2024,4.7033733741236095,8.873210209587047,9.994794377928162,20.65920478948396,17.070996290752912,-15.95249101370615,-0.1046278727286456,0.2651675690934283,6.064944361293678
Infosys,2025,6.064944361293678,1.8297564136774191,1.7510648367250248,21.12031412970121,16.389349039818395,1.3615709871700687,-7.043453795909628,-8.243729541203138,9.607951408061854
KPIT Technologies,2024,24.49890365019993,30.098511842381058,29.501915708812263,17.143922754962496,12.861050101529154,-29.10493198795041,-19.74445298173955,-18.164279482135395,15.63756164270027
KPIT Technologies,2025,15.63756164270027,22.70017721926856,22.70710059171599,18.185238939955923,13.646544464154529,-8.861342007499662,-7.3983346231125,-6.794815117096277,10.770664229783725
LTIMindtree,2025,7.01382436579665,0.3795314749378331,0.1935483870967758,14.479545149586537,12.10794541163594,-0.0334467832503238,-3.5725806262797644,-3.833297250487111,11.312062428798075
Larsen & Toubro,2019,12.813068361949576,27.64867566216891,20.69555302166477,11.337080313563082,7.555834935660405,3.858509272403987,4.244420343019971,-1.1100025338907713,7.566927969235326
Larsen & Toubro,2020,7.566927969235326,6.626211216599787,7.132735002361845,11.22638396171933,7.489756070731238,-5.246140392714249,-21.02246444556912,-13.562818019302927,-6.512801474025798
Larsen & Toubro,2021,-6.512801474025798,18.606572425188173,21.237507348618443,11.490009486758986,9.502202545981364,-14.079729443261124,11.980361208588386,14.1047723462566,15.106744423771312
Larsen & Toubro,2022,15.106744423771312,-19.363826329231483,-25.190932234210205,11.63102714651708,6.656614767347513,21.61954589779711,-37.970398754419655,-46.428439582828645,17.135080915659874
Larsen & Toubro,2023,17.135080915659874,20.270659372300614,20.742181169988672,11.319344827398128,6.834805089968965,2.0283364918885614,39.6344857015321,45.93311340419888,20.602047550738774
Larsen & Toubro,2024,20.602047550738774,24.06831058973744,26.10387867400348,10.62533636647325,7.031246466738726,3.4669666350789043,3.797651217436826,5.361697504014806,15.65760493503321
Larsen & Toubro,2025,15.65760493503321,13.674663922300123,16.389953171562375,10.336912573220612,6.910696270343404,-4.944442615705569,-10.393646667437316,-9.713925502441104,11.785683561825966
Mphasis,2019,18.10265811182401,28.04295942720765,32.99492385786802,17.12585693959384,13.879187685939725,10.367305906425717,22.23487861912683,17.790245495294908,14.396585176561905
Mphasis,2020,14.396585176561905,10.438024231127674,10.201249132546852,18.65671641791045,13.398914518317504,-3.706072935262105,-17.604935196079975,-22.793674725321164,9.92763455450023
Mphasis,2021,9.92763455450023,2.700421940928277,2.4244332493702725,18.545566755811564,12.518000411437976,-4.468950622061675,-7.737602290199397,-7.77681588317658,23.0302406912158
Mphasis,2022,23.0302406912158,17.584223500410843,17.430064555794655,17.707549535991973,11.96388261851016,13.102606136715568,14.883801559482569,15.005631306424382,15.35824763815734
Mphasis,2023,15.35824763815734,14.465408805031444,13.795811518324586,17.640237715610958,11.87128569357878,-7.671993053058458,-3.118814695379399,-3.634253037470069,-3.761414697782284
Mphasis,2024,-3.761414697782284,-5.067155067155071,-5.371520588911894,18.23932525039536,11.710219143007755,-19.119662335939623,-19.532563872186515,-19.16733210723648,7.161683861736568
Mphasis,2025,7.161683861736568,9.453376205787787,8.848912118633766,18.60154602951511,11.96064652143359,10.923098559518852,14.52053127294286,14.22043270754566,11.595221363316943
Persistent Systems,2019,10.951566451956584,8.849291833803786,8.9130973013122,14.457888596383594,10.448162935713963,5.5575316990922765,1.6766515604718988,1.7209529276391633,5.937923451421168
Persistent Systems,2020,5.937923451421168,-3.238748972784844,0.886565128438277,9.17020770607952,9.54311056568385,-5.013643000535416,-12.08804080658863,-8.026532172873925,17.445695337494314
Persistent Systems,2021,17.445695337494314,32.439485261057534,32.87516899504279,12.11744440156948,10.761438701321527,11.507771886073147,35.678234233842375,31.988603866604517,36.36338889674222
Persistent Systems,2022,36.36338889674222,53.18864730172606,53.19654061387147,13.87137512332014,12.089243681998814,18.91769355924791,20.749162040668523,20.32137161882868,46.22593965832134
Persistent Systems,2023,46.22593965832134,33.41710289606106,36.96037192827097,14.58070278131179,11.030271865755148,9.862550761579117,-19.771544405665,-16.236168685600497,17.615457682521196
Persistent Systems,2024,17.615457682521196,18.716676817650324,-41.45316414774105,13.911326143117195,11.133546951220817,-28.61048197580014,-14.700426078410736,-78.41353607601202,21.55588501125123
Persistent Systems,2025,21.55588501125123,28.04504106572436,25.9249033683048,14.668938044180129,11.727901750246698,3.940427328730035,9.328364248074038,67.37806751604585,23.5346226901936
Reliance Industries,2019,43.0232558139535,9.444444444444455,9.508196721311467,15.121951219512194,6.406504065040651,12.791261144379316,-10.796036517479402,49.29102001844868,-3.089430894308942
Reliance Industries,2020,-3.089430894308942,-0.5076142131979711,-5.538922155688619,15.18456375838926,6.577181208053691,-46.11268670826244,-9.952058657642429,-15.047118877000086,-9.395973154362414
Reliance Industries,2021,-9.395973154362414,25.326530612244905,21.07765451664025,17.962962962962965,9.09777777777778,-6.306542260053472,25.834144825442877,26.616576672328875,46.806666666666665
Reliance Industries,2022,46.806666666666665,37.80736036476144,17.14659685863873,15.704706113861011,8.540080428278058,56.20263982102908,12.48082975251654,-3.931057658001525,23.36708899081179
Reliance Industries,2023,23.36708899081179,9.302531682963576,9.49720670391061,15.74642126789366,7.566462167689162,-23.439577675854878,-28.504828681797868,-7.64939015472812,1.8404907975460016
Reliance Industries,2024,1.8404907975460016,6.756756756756754,5.000000000000004,17.771084337349397,7.931726907630522,-21.52659819326579,-2.545774926206823,-4.497206703910606,7.429718875502012
Reliance Industries,2025,7.429718875502012,2.922784810126577,-49.9514091350826,17.102803738317757,7.598971962616822,5.58922807795601,-3.833971946630177,-54.951409135082606,9.89897196261682
TCS,2019,18.97501299714064,21.861689769999227,-38.11014233549445,25.56959778237507,21.488020865338004,14.619520736658796,23.622882664365697,-38.69480615379891,7.1594873790650215
TCS,2020,7.1594873790650215,2.758007117437722,3.780854906682718,24.58123339428732,20.60541959490025,-11.815525618075617,-19.103682652561503,41.89099724217717,4.605317650956686
TCS,2021,4.605317650956686,3.2405689548546723,3.5735004060795994,25.87512258111672,20.336587950809182,-2.5541697281083358,0.4825618374169504,-0.2073545006031185,16.79711530847805
TCS,2022,16.79711530847805,14.792739906553257,16.074829169933924,25.2683125254232,19.98758826413008,12.191797657521365,11.552170951698582,12.501328763854325,17.576686796624852
TCS,2023,17.576686796624852,9.966864090588889,11.165798108473268,24.05636526537093,18.69394743145065,0.7795714881468037,-4.825875815964366,-4.909031061460656,6.846064455463985
TCS,2024,6.846064455463985,10.529812323534294,10.895042972480253,24.621304894704288,19.33846147459661,-10.730622341160869,0.5629482329454056,-0.2707551359930171,5.990626543735189
TCS,2025,5.990626543735189,4.224535794783724,5.049318929074675,24.34749573091445,19.01623035828986,-0.8554379117287958,-6.3052765287505705,-5.845724043405576,4.581237956478823
Tata Elxsi,2019,15.223665223665227,20.833333333333325,20.809548521017128,24.483406386975577,18.159048215403885,3.1783944071737125,-16.30952380952382,-16.587955935310866,0.8140262993111991
Tata Elxsi,2020,0.8140262993111991,-11.724137931034484,-11.683848797250873,18.695652173913043,15.900621118012422,-14.40963892435403,-32.557471264367805,-32.493397318268,13.41614906832298
Tata Elxsi,2021,13.41614906832298,43.75,43.75,26.286966046002192,20.153340635268343,12.602122769011782,55.47413793103448,55.43384879725088,35.32311062431543
Tata Elxsi,2022,35.32311062431543,49.45652173913045,49.314836745051615,28.814245244840148,22.25819506272764,21.906961555992453,5.706521739130444,5.564836745051615,27.276406313233515
Tata Elxsi,2023,27.276406313233515,37.27272727272728,37.38953093133923,28.012718600953896,24.006359300476948,-8.046704311081918,-12.183794466403164,-11.925305813712384,12.941176470588234
Tata Elxsi,2024,12.941176470588234,4.92715231788079,4.906811809335299,26.68918918918919,22.30292792792793,-14.335229842645282,-32.34557495484649,-32.48271912200393,4.983108108108114
Tata Elxsi,2025,4.983108108108114,-0.921484473617773,-0.9276000314440648,23.303834808259587,21.0485384821668,-7.95806836248012,-5.848636791498563,-5.834411840779364,0.7615982837221758
Tech Mahindra,2024,-2.429527380268792,-51.19740028563741,-51.26512651265127,6.053408468040503,4.534623188545162,-21.791172320465,-37.99605643626352,-38.0984333109318,1.909396005423547
Tech Mahindra,2025,1.909396005423547,80.31639664093646,80.24830699774266,9.696857608188978,8.02346933190912,4.33892338569234,131.51379692657386,131.51343351039392,7.222537805515561
Wipro,2022,27.77266337309716,13.196413021325482,16.95447409733124,17.639625343742964,15.364351826820188,26.301521330615984,2.1614195016069093,2.3174015118483595,14.341830454086502
Wipro,2023,14.341830454086502,-7.112635136794032,-53.601789709172266,15.352318364366557,12.481470240216067,-13.430832919010658,-20.309048158119516,-70.55626380650351,-1.2541953135653203
Wipro,2024,-1.2541953135653203,-2.685462555066076,0.6750241080038633,15.156752711475004,12.30055805323946,-15.596025767651822,4.427172581727956,54.27681381717613,-0.7825663767076496
Wipro,2025,-0.7825663767076496,18.92405750914425,20.306513409961703,16.979266283241067,14.74370198761724,0.4716289368576709,21.60952006421033,19.63148930195784,3.960418266144061
