Company,Year,Actual_Growth,Predicted_Growth
HCLTech,2025,11.181923027636586,14.579573434771849
Hindustan Unilever,2025,2.134146341463405,14.97966176914441
Infosys,2025,9.607951408061854,15.568938562523062
KPIT Technologies,2025,10.770664229783725,12.233445082938138
LTIMindtree,2025,11.312062428798075,15.08683674158944
Larsen & Toubro,2025,11.785683561825966,15.264488759732819
Mphasis,2025,11.595221363316943,18.885873883370778
Persistent Systems,2025,23.5346226901936,2.749931992875652
Reliance Industries,2025,9.89897196261682,6.256933981702403
TCS,2025,4.581237956478823,14.60358817011737
Tata Elxsi,2025,0.7615982837221758,11.193610549739377
Tech Mahindra,2025,7.222537805515561,19.035377866511652
Wipro,2025,3.960418266144061,17.48516606279251
