Date,Open,High,Low,Close,Adj Close,Volume
2024-09-18,1938.75,1938.75,1881.300048828125,1892.1500244140625,1778.5858154296875,6385468
2024-09-19,1910.5999755859375,1924.9000244140625,1878.800048828125,1894.199951171875,1780.5125732421875,7976570
2024-09-20,1905.0,1915.0,1867.4000244140625,1905.75,1791.3695068359375,15242974
2024-09-23,1909.0,1918.9000244140625,1878.449951171875,1896.449951171875,1782.6275634765625,3636672
2024-09-24,1888.0,1910.9000244140625,1871.4000244140625,1898.5999755859375,1784.6484375,7277616
2024-09-25,1886.3499755859375,1901.5999755859375,1876.800048828125,1895.300048828125,1781.546630859375,4268341
2024-09-26,1897.800048828125,1917.949951171875,1893.0,1900.25,1786.1995849609375,8952803
2024-09-27,1932.0999755859375,1974.5999755859375,1903.300048828125,1906.75,1792.3095703125,14908931
2024-09-30,1880.0,1901.25,1870.5,1875.5999755859375,1763.0291748046875,6986955
2024-10-01,1875.0,1908.949951171875,1875.0,1904.3499755859375,1790.053466796875,4029072
2024-10-03,1889.5,1911.8499755859375,1881.0,1893.4000244140625,1779.7606201171875,7503887
2024-10-04,1889.550048828125,1954.0999755859375,1886.0,1918.1500244140625,1803.0252685546875,10001483
2024-10-07,1923.199951171875,1942.0,1916.050048828125,1934.300048828125,1818.2059326171875,6112575
2024-10-08,1937.9000244140625,1957.949951171875,1906.3499755859375,1948.550048828125,1831.6007080078125,5637391
2024-10-09,1952.550048828125,1977.0,1945.0999755859375,1952.75,1835.5484619140625,4857163
2024-10-10,1957.9000244140625,1964.0,1914.0999755859375,1919.0,1803.82421875,4782119
2024-10-11,1918.0,1947.0,1910.0999755859375,1935.0999755859375,1818.9578857421875,4709431
2024-10-14,1932.1500244140625,1969.5,1931.0999755859375,1958.9000244140625,1841.3294677734375,3751378
2024-10-15,1960.0,1991.449951171875,1951.75,1959.300048828125,1841.70556640625,5353705
2024-10-16,1955.0,1959.550048828125,1916.3499755859375,1920.0999755859375,1804.8582763671875,3111512
2024-10-17,1935.199951171875,1978.0,1930.1500244140625,1968.0999755859375,1849.9771728515625,8162822
2024-10-18,1893.800048828125,1936.8499755859375,1869.25,1879.5999755859375,1766.7889404296875,10526196
2024-10-21,1891.0999755859375,1898.800048828125,1838.0,1852.75,1741.5504150390625,4654601
2024-10-22,1858.199951171875,1877.800048828125,1846.949951171875,1851.5999755859375,1740.4693603515625,4125240
2024-10-23,1845.25,1886.0,1844.0,1873.4000244140625,1760.961181640625,4311910
2024-10-24,1861.4000244140625,1884.0,1860.0,1863.3499755859375,1751.5142822265625,2906475
2024-10-25,1863.449951171875,1876.3499755859375,1846.4000244140625,1862.050048828125,1750.2923583984375,4689120
2024-10-28,1859.699951171875,1881.9000244140625,1857.0,1865.3499755859375,1753.394287109375,7018940
2024-10-29,1846.0,1851.5999755859375,1829.0,1839.300048828125,1748.59326171875,4621252
2024-10-30,1832.0,1839.0,1796.3499755859375,1802.0999755859375,1713.227783203125,5919715
2024-10-31,1787.9000244140625,1787.9000244140625,1746.5,1757.25,1670.589599609375,7395236
2024-11-01,1764.5,1766.0,1752.050048828125,1760.8499755859375,1674.011962890625,371966
2024-11-04,1724.5,1767.0,1718.0,1763.6500244140625,1676.6739501953125,7336722
2024-11-05,1760.0,1768.449951171875,1745.0,1754.199951171875,1667.68994140625,3160880
2024-11-06,1764.0,1827.199951171875,1762.6500244140625,1823.699951171875,1733.7625732421875,10421494
2024-11-07,1812.949951171875,1825.699951171875,1787.0,1803.050048828125,1714.1309814453125,4550965
2024-11-08,1818.0,1840.5999755859375,1813.1500244140625,1829.949951171875,1739.704345703125,4210960
2024-11-11,1829.0,1868.0,1822.550048828125,1860.0999755859375,1768.367431640625,3804234
2024-11-12,1871.0999755859375,1881.0,1861.0,1868.800048828125,1776.638427734375,5012450
2024-11-13,1861.0999755859375,1873.199951171875,1856.300048828125,1868.4000244140625,1776.2581787109375,4257495
2024-11-14,1865.5999755859375,1876.0,1856.0,1864.550048828125,1772.5980224609375,4311431
2024-11-18,1849.199951171875,1849.199951171875,1795.0,1811.449951171875,1722.1165771484375,4839244
2024-11-19,1825.5,1859.699951171875,1820.550048828125,1824.75,1734.7607421875,4669769
2024-11-21,1842.0,1867.0,1820.5999755859375,1834.050048828125,1743.6021728515625,5436504
2024-11-22,1854.0999755859375,1914.050048828125,1834.0,1902.25,1808.4388427734375,6301486
2024-11-25,1916.0,1919.300048828125,1882.0,1889.699951171875,1796.5076904296875,12764638
2024-11-26,1904.949951171875,1938.5999755859375,1897.300048828125,1924.1500244140625,1829.2587890625,6850495
2024-11-27,1930.0999755859375,1941.4000244140625,1911.75,1924.5,1829.5914306640625,4447143
2024-11-28,1914.9000244140625,1914.9000244140625,1851.6500244140625,1856.6500244140625,1765.0875244140625,8468790
2024-11-29,1851.0999755859375,1877.0,1845.0,1857.8499755859375,1766.2283935546875,5244346
2024-12-02,1859.0,1882.800048828125,1835.199951171875,1879.800048828125,1787.095947265625,2868263
2024-12-03,1887.0,1899.75,1871.1500244140625,1892.0999755859375,1798.789306640625,4715792
2024-12-04,1884.0,1913.949951171875,1875.0,1889.25,1796.0799560546875,4705573
2024-12-05,1900.0,1949.9000244140625,1888.949951171875,1934.8499755859375,1839.4310302734375,9050038
2024-12-06,1932.800048828125,1937.949951171875,1912.4000244140625,1922.4000244140625,1827.5950927734375,3573331
2024-12-09,1924.199951171875,1930.199951171875,1897.199951171875,1923.6500244140625,1828.783447265625,4274645
2024-12-10,1939.0,1965.5999755859375,1932.0,1948.550048828125,1852.45556640625,6174921
2024-12-11,1955.0,1978.0,1952.0,1974.1500244140625,1876.79296875,5025612
2024-12-12,1975.199951171875,1998.800048828125,1970.550048828125,1987.0,1889.0091552734375,6462130
2024-12-13,1969.75,2006.449951171875,1953.800048828125,1999.699951171875,1901.0828857421875,5362693
2024-12-16,1995.449951171875,1999.5999755859375,1977.5999755859375,1980.050048828125,1882.4019775390625,3119221
2024-12-17,1968.0,1982.0,1958.0,1976.5999755859375,1879.1221923828125,5811050
2024-12-18,1966.800048828125,1984.949951171875,1961.5999755859375,1979.1500244140625,1881.54638671875,3064095
2024-12-19,1934.0,1959.75,1920.0,1946.199951171875,1850.2213134765625,5323592
2024-12-20,1975.1500244140625,1979.949951171875,1911.25,1922.1500244140625,1827.3572998046875,11056720
2024-12-23,1930.050048828125,1940.0,1909.0,1924.300048828125,1829.4014892578125,2781793
2024-12-24,1927.050048828125,1942.0,1840.0,1909.050048828125,1814.9034423828125,2360544
2024-12-26,1909.050048828125,1919.75,1902.300048828125,1907.4000244140625,1813.3348388671875,3623321
2024-12-27,1909.4000244140625,1924.1500244140625,1903.9000244140625,1916.75,1822.2236328125,3937500
2024-12-30,1915.699951171875,1916.0,1886.5,1906.0,1812.00390625,7789055
2024-12-31,1892.300048828125,1897.0,1845.050048828125,1880.0,1787.2860107421875,3613063
2025-01-01,1874.0,1892.949951171875,1874.0,1882.5,1789.6627197265625,1838368
2025-01-02,1887.0,1962.6500244140625,1885.300048828125,1957.8499755859375,1861.296875,7083645
2025-01-03,1952.949951171875,1952.949951171875,1922.0,1938.75,1843.1387939453125,6218003
2025-01-06,1952.0,1973.0,1928.0,1937.8499755859375,1842.2830810546875,7164403
2025-01-07,1945.0,1958.550048828125,1923.6500244140625,1930.8499755859375,1835.62841796875,4294832
2025-01-08,1930.0,1938.5999755859375,1888.75,1933.1500244140625,1837.81494140625,5482050
2025-01-09,1934.050048828125,1951.8499755859375,1910.550048828125,1917.300048828125,1822.74658203125,6833503
2025-01-10,1937.0,1977.800048828125,1932.25,1966.949951171875,1869.947998046875,8036913
2025-01-13,1956.0,1982.800048828125,1949.0,1962.199951171875,1865.4322509765625,5804152
2025-01-14,1968.8499755859375,1971.800048828125,1931.0999755859375,1940.050048828125,1844.374755859375,5792162
2025-01-15,1947.0,1958.050048828125,1937.0999755859375,1949.6500244140625,1853.501220703125,2985439
2025-01-16,1965.949951171875,1966.949951171875,1916.8499755859375,1928.449951171875,1833.3466796875,7533579
2025-01-17,1851.0,1858.0,1812.0,1815.449951171875,1725.9193115234375,16409953
2025-01-20,1822.949951171875,1827.949951171875,1793.1500244140625,1813.300048828125,1723.8756103515625,4333011
2025-01-21,1819.050048828125,1831.6500244140625,1793.050048828125,1800.699951171875,1711.896728515625,7169109
2025-01-22,1807.4000244140625,1865.800048828125,1805.1500244140625,1856.449951171875,1764.8973388671875,8373913
2025-01-23,1858.0,1879.550048828125,1852.699951171875,1865.449951171875,1773.4534912109375,5907471
2025-01-24,1865.5,1894.9000244140625,1864.25,1875.449951171875,1782.96044921875,4887027
2025-01-27,1848.75,1863.0,1812.0,1822.0,1732.146484375,7652371
2025-01-28,1830.0,1863.5,1824.9000244140625,1829.75,1739.5142822265625,6999495
2025-01-29,1845.0,1888.6500244140625,1840.5,1881.25,1788.474365234375,5145155
2025-01-30,1873.1500244140625,1887.199951171875,1844.0,1859.949951171875,1768.2247314453125,7336056
2025-01-31,1871.0,1897.449951171875,1871.0,1879.800048828125,1787.095947265625,5820470
2025-02-01,1880.300048828125,1890.5999755859375,1846.0,1851.3499755859375,1760.0489501953125,1701402
2025-02-03,1836.0,1876.550048828125,1832.4000244140625,1863.300048828125,1771.4097900390625,4823228
2025-02-04,1889.0,1911.199951171875,1875.0,1898.800048828125,1805.1590576171875,7334787
2025-02-05,1906.0,1919.699951171875,1894.300048828125,1897.050048828125,1803.4952392578125,4996744
2025-02-06,1917.0,1924.0,1900.0,1915.6500244140625,1821.177978515625,4765255
2025-02-07,1919.300048828125,1923.699951171875,1889.449951171875,1903.6500244140625,1809.769775390625,4126260
2025-02-10,1905.0,1905.0,1878.5999755859375,1880.300048828125,1787.5712890625,3828734
2025-02-11,1883.0999755859375,1903.0,1870.0,1875.6500244140625,1783.150634765625,4411601
2025-02-12,1885.0,1894.5999755859375,1847.0,1863.1500244140625,1771.26708984375,5633947
2025-02-13,1868.5,1873.5,1835.6500244140625,1843.25,1752.3485107421875,5237744
2025-02-14,1854.0,1859.300048828125,1828.3499755859375,1856.4000244140625,1764.8499755859375,5292961
2025-02-17,1838.550048828125,1852.75,1822.1500244140625,1842.300048828125,1751.4451904296875,4428956
2025-02-18,1842.300048828125,1861.6500244140625,1837.5999755859375,1851.949951171875,1760.619384765625,4365260
2025-02-19,1847.4000244140625,1849.199951171875,1805.9000244140625,1810.800048828125,1721.498779296875,4611411
2025-02-20,1805.550048828125,1831.0,1805.550048828125,1825.1500244140625,1735.14111328125,2218020
2025-02-21,1821.800048828125,1829.8499755859375,1806.199951171875,1815.0,1725.4915771484375,3379879
2025-02-24,1800.050048828125,1808.0,1750.25,1764.0999755859375,1677.101806640625,7594720
2025-02-25,1745.1500244140625,1778.449951171875,1745.1500244140625,1767.699951171875,1680.524169921875,5092963
2025-02-27,1755.199951171875,1775.8499755859375,1751.0999755859375,1764.300048828125,1677.2919921875,5757079
2025-02-28,1755.050048828125,1755.0999755859375,1682.449951171875,1687.699951171875,1604.4696044921875,12182167
2025-03-03,1692.300048828125,1728.5999755859375,1692.300048828125,1708.5999755859375,1624.3388671875,7504969
2025-03-04,1695.0,1699.0,1670.0,1688.300048828125,1605.0400390625,6759673
2025-03-05,1692.449951171875,1732.949951171875,1692.449951171875,1711.5,1627.0958251953125,8180782
2025-03-06,1715.0,1722.300048828125,1691.0999755859375,1715.8499755859375,1631.231201171875,10610547
2025-03-07,1703.0999755859375,1705.0,1675.5,1686.0,1602.8533935546875,8019331
2025-03-10,1686.0,1719.0,1676.199951171875,1701.449951171875,1617.5413818359375,7558981
2025-03-11,1680.0,1680.0,1637.050048828125,1661.5999755859375,1579.6566162109375,12671234
2025-03-12,1636.9000244140625,1636.9000244140625,1563.800048828125,1590.8499755859375,1512.3956298828125,14870008
2025-03-13,1599.25,1606.050048828125,1570.300048828125,1579.8499755859375,1501.938232421875,7822888
2025-03-17,1545.1500244140625,1594.0,1545.1500244140625,1590.050048828125,1511.63525390625,7526032
2025-03-18,1590.050048828125,1590.050048828125,1590.050048828125,1590.050048828125,1511.63525390625,0
2025-03-19,1603.0,1603.0,1572.800048828125,1586.550048828125,1508.307861328125,7387068
2025-03-20,1592.0,1631.9000244140625,1592.0,1615.550048828125,1535.8778076171875,7186750
2025-03-21,1577.949951171875,1603.9000244140625,1563.6500244140625,1592.550048828125,1514.0120849609375,10074677
2025-03-24,1597.949951171875,1607.0999755859375,1572.699951171875,1592.75,1514.2020263671875,8857726
2025-03-25,1605.0,1636.1500244140625,1605.0,1628.449951171875,1548.1414794921875,9890140
2025-03-26,1626.0,1637.75,1595.0,1599.449951171875,1520.5716552734375,6651302
2025-03-27,1595.550048828125,1619.949951171875,1586.0,1603.550048828125,1524.469482421875,9426573
2025-03-28,1590.0,1598.449951171875,1560.0,1570.6500244140625,1493.1920166015625,6799047
2025-04-01,1539.25,1547.4000244140625,1517.8499755859375,1526.5,1451.21923828125,12680733
2025-04-02,1535.199951171875,1555.6500244140625,1535.199951171875,1550.1500244140625,1473.7030029296875,6193478
2025-04-03,1534.6500244140625,1534.6500244140625,1485.050048828125,1496.5,1422.6986083984375,10459504
2025-04-04,1460.5,1472.0,1448.0,1451.6500244140625,1380.0606689453125,9590254
2025-04-07,1352.0,1405.9000244140625,1307.0,1396.75,1327.867919921875,21715252
2025-04-08,1431.0,1456.5,1415.0,1428.800048828125,1358.33740234375,12805001
2025-04-09,1405.050048828125,1409.449951171875,1381.9000244140625,1403.699951171875,1334.4752197265625,8546854
2025-04-11,1411.25,1438.800048828125,1397.050048828125,1409.449951171875,1339.941650390625,12567440
2025-04-15,1445.5999755859375,1447.699951171875,1409.0,1426.0,1355.675537109375,10178530
2025-04-16,1425.0,1427.5,1396.800048828125,1413.0999755859375,1343.4117431640625,12022740
2025-04-17,1398.0,1429.800048828125,1378.300048828125,1419.5,1349.49609375,14264227
2025-04-21,1410.0,1471.800048828125,1410.0,1451.0,1379.442626953125,15648970
2025-04-22,1440.0,1440.0,1419.300048828125,1422.800048828125,1352.63330078125,9399738
2025-04-23,1446.0,1487.800048828125,1439.5999755859375,1474.9000244140625,1402.1639404296875,11136642
2025-04-24,1469.9000244140625,1482.9000244140625,1461.5,1471.4000244140625,1398.8365478515625,7114292
2025-04-25,1475.5,1501.699951171875,1463.5,1480.199951171875,1407.2025146484375,8329979
2025-04-28,1480.199951171875,1489.5999755859375,1465.300048828125,1482.0999755859375,1409.0087890625,5886253
2025-04-29,1482.0,1509.800048828125,1474.0999755859375,1497.5,1423.6494140625,8056743
2025-04-30,1496.800048828125,1508.800048828125,1482.5999755859375,1500.0999755859375,1426.12109375,7704183
2025-05-02,1499.699951171875,1523.199951171875,1496.199951171875,1506.9000244140625,1432.5858154296875,7402310
2025-05-05,1515.0,1523.0,1502.800048828125,1508.5999755859375,1434.2020263671875,4282493
2025-05-06,1506.0,1515.5999755859375,1499.0999755859375,1511.5,1436.958984375,4270530
2025-05-07,1500.0,1518.800048828125,1496.5999755859375,1508.300048828125,1433.9168701171875,5691799
2025-05-08,1508.0,1516.5,1501.199951171875,1511.4000244140625,1436.864013671875,8424409
2025-05-09,1500.699951171875,1511.4000244140625,1494.0999755859375,1507.5999755859375,1433.2513427734375,4478653
2025-05-12,1537.0,1632.0,1532.0,1626.9000244140625,1546.66796875,11372857
2025-05-13,1609.0,1612.199951171875,1564.5999755859375,1568.5999755859375,1491.2430419921875,12846210
2025-05-14,1574.0,1595.0,1569.5,1592.4000244140625,1513.869384765625,4870057
2025-05-15,1589.800048828125,1618.5999755859375,1571.0,1613.0,1533.453369140625,11151167
2025-05-16,1612.5999755859375,1612.5999755859375,1581.5,1589.9000244140625,1511.49267578125,4576751
2025-05-19,1576.5,1585.0,1555.699951171875,1559.800048828125,1482.876953125,8855798
2025-05-20,1570.0,1583.5,1558.0,1560.5999755859375,1483.637451171875,7143998
2025-05-21,1567.9000244140625,1571.0,1552.0999755859375,1568.5,1491.14794921875,4157309
2025-05-22,1555.5,1560.800048828125,1540.0,1547.5,1471.18359375,6158990
2025-05-23,1550.0,1587.199951171875,1550.0,1564.800048828125,1487.6304931640625,5038421
2025-05-26,1566.5999755859375,1583.800048828125,1562.699951171875,1580.5,1502.5560302734375,3170102
2025-05-27,1579.9000244140625,1582.9000244140625,1556.4000244140625,1570.0999755859375,1492.6690673828125,7775714
2025-05-28,1581.0,1587.699951171875,1570.0,1571.800048828125,1494.2852783203125,3623370
2025-05-29,1589.0,1608.9000244140625,1576.5999755859375,1585.5999755859375,1507.4046630859375,8609500
2025-05-30,1571.0,1572.0,1555.0999755859375,1562.699951171875,1506.5369873046875,13148092
2025-06-02,1560.0,1560.0,1539.0,1553.800048828125,1497.9569091796875,4374509
2025-06-03,1559.0,1567.300048828125,1535.5999755859375,1543.0,1487.5450439453125,6853403
2025-06-04,1543.0,1557.300048828125,1541.4000244140625,1551.199951171875,1495.4503173828125,4548307
2025-06-05,1547.9000244140625,1567.699951171875,1541.5999755859375,1554.300048828125,1498.43896484375,6948539
2025-06-06,1554.699951171875,1568.9000244140625,1543.0999755859375,1563.800048828125,1507.5975341796875,3960020
2025-06-09,1578.0,1588.0,1571.0,1572.9000244140625,1516.3704833984375,2903202
2025-06-10,1584.0,1607.5,1577.5,1596.0,1538.6402587890625,8591925
2025-06-11,1590.0999755859375,1634.5999755859375,1590.0999755859375,1631.0999755859375,1572.4786376953125,10597410
2025-06-12,1617.0,1628.0,1598.0999755859375,1608.5999755859375,1550.7874755859375,10483574
2025-06-13,1576.0,1609.0,1570.199951171875,1602.0,1544.4246826171875,6968315
2025-06-16,1600.0,1634.800048828125,1597.0999755859375,1623.800048828125,1565.441162109375,5591842
2025-06-17,1620.699951171875,1647.4000244140625,1615.5999755859375,1639.9000244140625,1580.962646484375,7622083
2025-06-18,1621.0,1644.699951171875,1621.0,1632.9000244140625,1574.214111328125,5629707
2025-06-19,1623.9000244140625,1630.0,1611.5,1618.4000244140625,1560.2352294921875,5147760
2025-06-20,1619.0,1630.699951171875,1608.9000244140625,1622.9000244140625,1564.573486328125,9202821
2025-06-23,1601.0,1601.0,1575.4000244140625,1584.0,1527.071533203125,7943676
2025-06-24,1601.0,1609.0,1576.5999755859375,1581.5999755859375,1524.7576904296875,8083992
2025-06-25,1590.0,1619.9000244140625,1585.0999755859375,1614.9000244140625,1556.8609619140625,7813533
2025-06-26,1608.800048828125,1624.0,1606.5999755859375,1616.0,1557.9215087890625,6519233
2025-06-27,1619.0,1629.5999755859375,1602.4000244140625,1608.0,1550.208984375,8912268
2025-06-30,1615.0,1615.0,1594.0999755859375,1601.800048828125,1544.2318115234375,6294505
2025-07-01,1609.0,1617.699951171875,1600.5,1606.800048828125,1549.0521240234375,4178937
2025-07-02,1618.0,1649.0,1603.4000244140625,1610.5,1552.619140625,8653641
2025-07-03,1618.5,1632.4000244140625,1615.0,1618.699951171875,1560.5244140625,5259695
2025-07-04,1625.0,1643.4000244140625,1612.300048828125,1640.699951171875,1581.7337646484375,4411273
2025-07-07,1640.0,1644.0,1623.0,1627.0,1568.526123046875,3294523
2025-07-08,1628.0,1646.199951171875,1621.5,1638.699951171875,1579.8056640625,4590681
2025-07-09,1637.800048828125,1638.0,1623.5999755859375,1633.699951171875,1574.9852294921875,4580828
2025-07-10,1638.9000244140625,1638.9000244140625,1607.0999755859375,1615.800048828125,1557.7286376953125,5330179
2025-07-11,1579.0999755859375,1607.0999755859375,1563.0,1594.9000244140625,1537.579833984375,11391755
2025-07-14,1591.800048828125,1591.800048828125,1559.800048828125,1570.300048828125,1513.8638916015625,9173426
2025-07-15,1565.0999755859375,1603.5999755859375,1564.0,1585.5999755859375,1528.614013671875,7614807
2025-07-16,1579.0,1612.0,1578.5,1607.9000244140625,1550.112548828125,6223491
2025-07-17,1598.0,1610.0,1580.0999755859375,1583.5,1526.5894775390625,7374814
2025-07-18,1592.0999755859375,1599.300048828125,1580.0,1586.0999755859375,1529.0960693359375,5161833
2025-07-21,1580.0,1589.0,1566.800048828125,1584.300048828125,1527.36083984375,3682661
2025-07-22,1565.0,1585.800048828125,1565.0,1570.9000244140625,1514.4423828125,8473741
2025-07-23,1576.300048828125,1591.9000244140625,1550.0,1574.5,1517.9129638671875,8035026
2025-07-24,1580.0,1582.0,1548.199951171875,1552.5,1496.70361328125,14169664
2025-07-25,1543.4000244140625,1549.5,1511.300048828125,1515.699951171875,1461.2261962890625,10851259
2025-07-28,1513.9000244140625,1519.300048828125,1482.5,1516.0,1461.515380859375,6439855
2025-07-29,1512.9000244140625,1517.199951171875,1496.0999755859375,1513.699951171875,1459.2979736328125,7070448
2025-07-30,1519.9000244140625,1521.699951171875,1506.0,1519.0,1464.40771484375,5719051
2025-07-31,1509.699951171875,1527.0999755859375,1497.0,1509.0,1454.76708984375,6851407
2025-08-01,1493.9000244140625,1498.699951171875,1465.5,1469.5999755859375,1416.782958984375,8702978
2025-08-04,1461.5,1482.800048828125,1451.0,1480.5,1427.291259765625,8610216
2025-08-05,1478.699951171875,1478.699951171875,1455.0,1460.300048828125,1407.8173828125,10213323
2025-08-06,1452.0,1456.0999755859375,1430.300048828125,1436.699951171875,1385.0654296875,10566934
2025-08-07,1430.0,1442.0,1414.199951171875,1436.9000244140625,1385.25830078125,9892020
2025-08-08,1425.0,1433.199951171875,1417.0999755859375,1423.0999755859375,1371.9542236328125,10048009
2025-08-11,1419.9000244140625,1433.4000244140625,1414.0,1428.199951171875,1376.8709716796875,6625368
2025-08-12,1428.199951171875,1441.0,1421.0,1424.0999755859375,1372.918212890625,9899184
2025-08-13,1425.0,1434.0,1422.4000244140625,1426.5999755859375,1375.328369140625,10318063
2025-08-14,1426.199951171875,1470.0,1426.199951171875,1447.699951171875,1395.6700439453125,12902347
2025-08-18,1464.699951171875,1464.699951171875,1429.5999755859375,1435.800048828125,1384.1978759765625,7254561
2025-08-19,1432.699951171875,1449.4000244140625,1432.699951171875,1440.0,1388.246826171875,3986094
2025-08-20,1440.699951171875,1499.0,1440.699951171875,1496.199951171875,1442.427001953125,10413061
2025-08-21,1508.0,1508.0,1484.300048828125,1496.4000244140625,1442.619873046875,6565539
2025-08-22,1498.0999755859375,1504.300048828125,1486.0999755859375,1487.5,1434.0396728515625,5543397
2025-08-25,1506.699951171875,1539.0,1506.699951171875,1532.0999755859375,1477.0367431640625,10694531
2025-08-26,1523.0,1538.4000244140625,1518.5999755859375,1529.5999755859375,1474.6265869140625,15994798
2025-08-28,1529.5999755859375,1529.5999755859375,1498.0,1500.0999755859375,1446.1868896484375,5443364
2025-08-29,1501.9000244140625,1501.9000244140625,1467.699951171875,1469.5999755859375,1416.782958984375,8169075
2025-09-01,1476.699951171875,1503.4000244140625,1476.199951171875,1499.4000244140625,1445.511962890625,4546057
2025-09-02,1499.4000244140625,1512.800048828125,1486.300048828125,1498.699951171875,1444.837158203125,5218763
2025-09-03,1500.0,1501.9000244140625,1473.0,1479.0999755859375,1425.941650390625,4623483
2025-09-04,1484.0,1484.0,1460.0999755859375,1463.0,1410.420166015625,5787724
2025-09-05,1470.0,1472.699951171875,1433.0,1444.5999755859375,1392.6815185546875,5466487
2025-09-08,1451.0,1458.0,1428.300048828125,1432.9000244140625,1381.4019775390625,3811567
2025-09-09,1481.0,1507.199951171875,1472.5,1504.300048828125,1450.2359619140625,13072640
2025-09-10,1510.0999755859375,1534.9000244140625,1509.300048828125,1532.5999755859375,1477.518798828125,7281071
2025-09-11,1523.9000244140625,1527.5,1506.5,1509.699951171875,1455.4417724609375,8003662
2025-09-12,1537.0,1542.9000244140625,1521.0999755859375,1525.5999755859375,1470.7703857421875,12856963
2025-09-15,1525.5999755859375,1527.5,1501.199951171875,1508.4000244140625,1454.1885986328125,6167414
2025-09-16,1508.4000244140625,1514.0,1503.5,1511.300048828125,1456.9844970703125,8923112
2025-09-17,1516.9000244140625,1526.699951171875,1514.0,1522.4000244140625,1467.685546875,4795698
2025-09-18,1550.0,1555.0,1538.5,1540.5999755859375,1485.2313232421875,9331945
2025-09-19,1544.5999755859375,1551.300048828125,1520.0999755859375,1540.199951171875,1484.845703125,12988129
2025-09-22,1482.699951171875,1514.699951171875,1482.0,1499.5,1445.6083984375,15655204
2025-09-23,1493.0,1513.0,1493.0,1497.5,1443.6802978515625,9832164
2025-09-24,1487.199951171875,1496.699951171875,1482.699951171875,1494.5999755859375,1440.884521484375,4937004
2025-09-25,1489.0,1502.699951171875,1476.5,1484.800048828125,1431.4368896484375,9491867
2025-09-26,1475.0,1478.699951171875,1441.199951171875,1448.9000244140625,1396.8270263671875,8597058
2025-09-29,1460.0,1465.0,1436.5,1441.800048828125,1389.982177734375,10513117
2025-09-30,1443.0,1452.199951171875,1438.0999755859375,1441.800048828125,1389.982177734375,7556305
2025-10-01,1446.0,1449.5,1427.4000244140625,1445.800048828125,1393.8385009765625,6250692
2025-10-03,1439.0,1448.300048828125,1433.199951171875,1446.5999755859375,1394.609619140625,6877533
2025-10-06,1446.5999755859375,1478.800048828125,1442.300048828125,1476.0,1422.9530029296875,4630590
2025-10-07,1477.699951171875,1482.9000244140625,1454.0,1458.5,1406.0819091796875,5570320
2025-10-08,1457.0,1498.0,1455.0,1495.0,1441.2701416015625,4657192
2025-10-09,1502.0,1514.0,1487.0,1509.300048828125,1455.0562744140625,7028753
2025-10-10,1510.0,1521.699951171875,1498.800048828125,1514.9000244140625,1460.4549560546875,3738353
2025-10-13,1497.0,1504.699951171875,1483.4000244140625,1493.199951171875,1439.5347900390625,5859355
2025-10-14,1499.0,1514.4000244140625,1486.5,1489.9000244140625,1436.353515625,5600789
2025-10-15,1483.9000244140625,1488.5999755859375,1467.5,1474.4000244140625,1421.4105224609375,6986098
2025-10-16,1473.9000244140625,1474.5,1460.5,1471.5,1418.61474609375,8005748
2025-10-17,1454.9000244140625,1458.4000244140625,1434.0,1441.0999755859375,1389.3072509765625,16959378
2025-10-20,1453.699951171875,1467.0,1450.0,1460.9000244140625,1408.395751953125,6994246
2025-10-21,1478.0,1486.0,1470.0,1472.4000244140625,1419.482421875,1698704
2025-10-23,1510.0,1546.0,1506.0,1528.5,1473.566162109375,20358624
2025-10-24,1539.5,1543.0,1518.0,1525.4000244140625,1470.57763671875,8652257
2025-10-27,1510.0,1515.300048828125,1498.0999755859375,1504.5,1472.633056640625,7273211
2025-10-28,1499.699951171875,1506.5,1490.5,1500.199951171875,1468.4241943359375,8211019
2025-10-29,1500.199951171875,1520.199951171875,1496.9000244140625,1510.4000244140625,1478.408203125,4884976
2025-10-30,1507.0,1508.199951171875,1489.0999755859375,1493.800048828125,1462.1597900390625,5608867
2025-10-31,1490.0,1497.0999755859375,1480.699951171875,1482.300048828125,1450.9034423828125,4819814
2025-11-03,1482.300048828125,1491.4000244140625,1474.199951171875,1485.5,1454.0355224609375,5470600
2025-11-04,1479.699951171875,1481.9000244140625,1462.9000244140625,1467.9000244140625,1436.808349609375,8691330
2025-11-06,1478.5999755859375,1483.0,1461.9000244140625,1466.699951171875,1435.6336669921875,7944752
2025-11-07,1470.0,1480.9000244140625,1449.0999755859375,1476.800048828125,1445.5198974609375,8765759
2025-11-10,1490.0999755859375,1520.0,1490.0,1513.5,1481.4425048828125,9787975
2025-11-11,1525.0,1533.4000244140625,1511.0999755859375,1530.300048828125,1497.88671875,13692989
2025-11-12,1540.0,1559.199951171875,1538.0999755859375,1551.699951171875,1518.8333740234375,14635417
2025-11-13,1557.0999755859375,1557.5,1530.300048828125,1541.800048828125,1509.14306640625,19655689
2025-11-14,1520.0,1530.0,1488.800048828125,1502.800048828125,1470.9691162109375,9739549
2025-11-17,1496.0,1510.199951171875,1492.5,1507.5999755859375,1475.66748046875,7910354
2025-11-18,1506.0,1506.0,1483.199951171875,1486.4000244140625,1454.91650390625,7525119
2025-11-19,1490.5,1543.0,1490.5,1541.0999755859375,1508.4578857421875,10981126
2025-11-20,1555.0,1555.0,1534.0,1536.5,1503.955322265625,7387584
2025-11-21,1531.0,1551.5,1526.300048828125,1545.0,1512.2752685546875,9186302
2025-11-24,1563.5999755859375,1585.0,1541.0,1548.0,1515.2117919921875,19270381
2025-11-25,1549.0,1550.5999755859375,1525.9000244140625,1530.5999755859375,1498.1802978515625,8107952
2025-11-26,1532.0999755859375,1560.300048828125,1532.0999755859375,1557.9000244140625,1524.902099609375,7575038
2025-11-27,1564.0,1574.300048828125,1552.199951171875,1566.4000244140625,1533.2220458984375,7552252
2025-11-28,1565.0,1568.4000244140625,1557.0,1560.0999755859375,1527.055419921875,4453221
2025-12-01,1562.5,1574.0,1556.0,1564.0,1530.872802734375,5341800
2025-12-02,1567.0,1579.9000244140625,1556.0999755859375,1561.0,1527.9364013671875,6335969
2025-12-03,1555.0999755859375,1586.0,1554.0999755859375,1578.699951171875,1545.261474609375,12895312
2025-12-04,1568.0,1599.0,1568.0,1597.5999755859375,1563.7611083984375,12609619
2025-12-05,1610.0,1631.800048828125,1600.0,1616.199951171875,1581.9671630859375,10344725
2025-12-08,1617.0999755859375,1630.0,1600.199951171875,1610.800048828125,1576.681640625,7550413
2025-12-09,1601.199951171875,1606.9000244140625,1582.4000244140625,1599.0,1565.1314697265625,6957599
2025-12-10,1608.0,1608.0,1582.800048828125,1584.800048828125,1551.2322998046875,5116140
2025-12-11,1598.0,1607.4000244140625,1580.5,1598.0,1564.1527099609375,5159319
2025-12-12,1601.4000244140625,1601.800048828125,1582.5999755859375,1598.199951171875,1564.348388671875,4633912
2025-12-15,1585.0,1610.800048828125,1585.0,1606.800048828125,1572.766357421875,4190558
2025-12-16,1600.0,1603.0,1585.5999755859375,1592.9000244140625,1559.1607666015625,5499258
2025-12-17,1587.199951171875,1606.9000244140625,1586.0,1602.0,1568.0679931640625,4817628
2025-12-18,1610.5,1630.0,1606.699951171875,1626.800048828125,1592.3427734375,6577293
2025-12-19,1650.0,1654.9000244140625,1629.800048828125,1638.699951171875,1603.9906005859375,13149023
2025-12-22,1664.0,1693.199951171875,1664.0,1689.5999755859375,1653.8125,23098923
2025-12-23,1679.0,1679.0,1656.4000244140625,1668.300048828125,1632.9637451171875,6593060
2025-12-24,1661.0,1667.5999755859375,1652.5,1663.4000244140625,1628.16748046875,4271167
2025-12-26,1663.4000244140625,1668.800048828125,1651.699951171875,1656.0999755859375,1621.0220947265625,2006491
2025-12-29,1658.0,1673.0999755859375,1637.0999755859375,1644.699951171875,1609.863525390625,4062817
2025-12-30,1647.0,1647.9000244140625,1616.800048828125,1621.5999755859375,1587.2528076171875,9395937
2025-12-31,1621.0,1628.5999755859375,1609.199951171875,1615.4000244140625,1581.1842041015625,6538656
2026-01-01,1615.4000244140625,1639.5999755859375,1614.0999755859375,1629.800048828125,1595.2791748046875,3658165
2026-01-02,1635.9000244140625,1643.5,1627.5,1640.4000244140625,1605.6546630859375,2524526
2026-01-05,1637.0,1637.0,1583.0999755859375,1606.4000244140625,1572.374755859375,5917885
2026-01-06,1600.0999755859375,1619.9000244140625,1599.0,1612.199951171875,1578.0518798828125,4466729
2026-01-07,1615.0,1642.0,1615.0,1639.0,1604.2843017578125,4508079
2026-01-08,1638.9000244140625,1644.300048828125,1608.5999755859375,1613.300048828125,1579.128662109375,3942131
2026-01-09,1610.0,1631.300048828125,1607.0,1614.0999755859375,1579.91162109375,6816681
2026-01-12,1610.0999755859375,1613.300048828125,1592.5999755859375,1595.9000244140625,1562.09716796875,6985362
2026-01-13,1618.0,1618.0,1586.4000244140625,1599.0,1565.1314697265625,8080618
2026-01-14,1588.0,1617.0,1583.0999755859375,1599.800048828125,1565.91455078125,7557157
2026-01-15,1599.800048828125,1599.800048828125,1599.800048828125,1599.800048828125,1565.91455078125,0
2026-01-16,1663.699951171875,1694.0,1653.4000244140625,1689.800048828125,1654.00830078125,19335957
2026-01-19,1685.0,1685.0,1666.5,1681.199951171875,1645.59033203125,5104958
2026-01-20,1673.0,1680.199951171875,1652.9000244140625,1658.9000244140625,1623.7628173828125,6406503
2026-01-21,1651.0,1657.0,1631.199951171875,1654.4000244140625,1619.358154296875,6224582
2026-01-22,1666.0,1671.199951171875,1653.800048828125,1663.5,1628.265380859375,6228892
2026-01-23,1667.199951171875,1675.699951171875,1662.199951171875,1670.800048828125,1635.4107666015625,5869137
2026-01-27,1685.800048828125,1689.4000244140625,1661.0999755859375,1682.699951171875,1647.05859375,10673087
2026-01-28,1680.0,1688.800048828125,1650.0,1666.5,1631.2017822265625,8588664
2026-01-29,1658.0,1666.5,1642.0999755859375,1659.5,1624.35009765625,4749582
2026-01-30,1655.0,1655.0,1618.0999755859375,1641.0,1606.241943359375,9207926
2026-02-02,1662.0,1662.0,1618.0,1629.4000244140625,1594.8875732421875,6784887
2026-02-03,1727.199951171875,1728.0,1653.0,1656.0,1620.9241943359375,8805868
2026-02-04,1574.0,1584.9000244140625,1510.0999755859375,1535.800048828125,1503.2701416015625,28828622
2026-02-05,1534.0,1551.0,1515.699951171875,1520.199951171875,1488.00048828125,10628127
2026-02-06,1522.0999755859375,1525.0,1480.0,1507.0999755859375,1475.177978515625,13900866
2026-02-09,1522.0999755859375,1528.0,1493.0,1497.199951171875,1465.4876708984375,8294615
2026-02-10,1500.0,1515.9000244140625,1491.0,1497.800048828125,1466.0750732421875,8657000
2026-02-11,1501.199951171875,1505.9000244140625,1469.0,1471.9000244140625,1440.7236328125,7934411
2026-02-12,1428.9000244140625,1435.699951171875,1380.5,1386.0,1356.64306640625,26048896
2026-02-13,1293.9000244140625,1377.300048828125,1281.5,1369.0999755859375,1340.1009521484375,45785709
2026-02-16,1373.699951171875,1376.0,1338.300048828125,1365.5999755859375,1336.6751708984375,14621891
2026-02-17,1370.0,1431.0,1367.0,1391.199951171875,1361.73291015625,25347684
2026-02-18,1390.9000244140625,1401.0,1345.300048828125,1373.699951171875,1344.603515625,20241373
2026-02-19,1385.0,1402.0,1363.199951171875,1370.5,1341.471435546875,14574228
2026-02-20,1359.199951171875,1365.0,1338.199951171875,1353.199951171875,1324.5377197265625,12633552
2026-02-23,1352.0,1352.0,1318.0,1327.5,1299.3822021484375,12887826
2026-02-24,1301.0,1303.5999755859375,1264.0999755859375,1275.5,1248.4835205078125,27839061
2026-02-25,1286.199951171875,1323.5999755859375,1286.199951171875,1290.0999755859375,1262.7742919921875,16669618
2026-02-26,1305.5,1314.0,1286.300048828125,1289.0999755859375,1261.7955322265625,11493914
2026-02-27,1326.300048828125,1335.0,1294.199951171875,1300.0999755859375,1272.5625,23141724
2026-03-02,1291.0,1298.800048828125,1273.0,1288.9000244140625,1261.5997314453125,9700361
2026-03-04,1292.0,1317.0,1292.0,1307.4000244140625,1279.7078857421875,15154950
2026-03-05,1320.0,1320.0,1290.0999755859375,1305.800048828125,1278.141845703125,10362147
2026-03-06,1303.0,1327.199951171875,1303.0,1308.4000244140625,1280.686767578125,8724291
2026-03-09,1290.0,1318.0,1282.5,1315.0,1287.14697265625,10068514
2026-03-10,1320.0,1321.0,1284.0999755859375,1295.5999755859375,1268.1578369140625,9600171
2026-03-11,1288.0,1299.5,1271.300048828125,1276.300048828125,1249.2667236328125,7868891
2026-03-12,1272.5,1278.5999755859375,1258.0,1265.800048828125,1238.9891357421875,7599940
2026-03-13,1251.0,1269.5999755859375,1242.5999755859375,1248.300048828125,1221.8597412109375,7366098
2026-03-16,1240.199951171875,1254.300048828125,1224.199951171875,1249.800048828125,1223.3280029296875,12314450
2026-03-17,1245.0,1245.0,1215.0999755859375,1232.9000244140625,1206.785888671875,11223276
2026-03-18,1238.0,1290.800048828125,1234.9000244140625,1267.0999755859375,1240.261474609375,12365381
2026-03-19,1244.199951171875,1255.0,1215.0999755859375,1220.800048828125,1194.9422607421875,9156461
2026-03-20,1242.0,1264.800048828125,1229.199951171875,1255.9000244140625,1229.2987060546875,27299975
2026-03-23,1238.199951171875,1261.0999755859375,1227.4000244140625,1256.800048828125,1230.1796875,12420293
2026-03-24,1269.0,1297.0,1251.0,1278.300048828125,1251.224365234375,13613495
2026-03-25,1270.0,1290.5999755859375,1257.0999755859375,1279.0999755859375,1252.00732421875,10824030
2026-03-27,1285.199951171875,1294.800048828125,1263.199951171875,1269.699951171875,1242.806396484375,13092541
2026-03-30,1250.0,1265.5,1243.0,1250.5999755859375,1224.1109619140625,14108486
2026-04-01,1290.0,1303.0,1269.5,1275.699951171875,1248.6793212890625,8137156
2026-04-02,1260.0,1305.4000244140625,1259.800048828125,1300.800048828125,1273.247802734375,12873492
2026-04-06,1301.4000244140625,1320.0,1299.0,1306.199951171875,1278.5333251953125,10208682
2026-04-07,1302.0,1345.0999755859375,1293.5,1339.4000244140625,1311.0301513671875,15355792
2026-04-08,1349.0,1376.9000244140625,1331.0,1346.199951171875,1317.68603515625,16030133
2026-04-09,1329.9000244140625,1337.5,1314.0,1331.5999755859375,1303.395263671875,14894607
2026-04-10,1318.0,1318.9000244140625,1283.300048828125,1292.5,1265.12353515625,19233369
2026-04-13,1272.0,1289.0,1265.699951171875,1276.800048828125,1249.756103515625,10366082
2026-04-15,1306.300048828125,1322.5,1300.5,1305.300048828125,1277.6524658203125,12098912
2026-04-16,1322.0999755859375,1331.0,1309.0,1319.199951171875,1291.2579345703125,18527029
2026-04-17,1313.0,1328.300048828125,1306.0999755859375,1318.699951171875,1290.7685546875,12064048
2026-04-20,1320.0,1324.9000244140625,1308.0999755859375,1312.5999755859375,1284.7977294921875,7172300
2026-04-21,1310.0,1325.0,1299.300048828125,1313.199951171875,1285.385009765625,10057440
2026-04-22,1295.0,1297.699951171875,1255.9000244140625,1268.5999755859375,1241.729736328125,20088378
2026-04-23,1254.0,1265.699951171875,1226.0,1240.5999755859375,1214.32275390625,14792854
2026-04-24,1200.0,1223.9000244140625,1152.199951171875,1154.5999755859375,1130.144287109375,42078914
2026-04-27,1154.5999755859375,1179.9000244140625,1154.5,1170.300048828125,1145.5118408203125,19579883
2026-04-28,1162.699951171875,1169.4000244140625,1149.800048828125,1152.0999755859375,1127.697265625,12720276
2026-04-29,1158.5,1178.199951171875,1156.800048828125,1167.5,1142.7711181640625,8303109
2026-04-30,1167.5,1189.800048828125,1159.5999755859375,1181.800048828125,1156.768310546875,12205669
2026-05-01,1181.800048828125,1181.800048828125,1181.800048828125,1181.800048828125,1156.768310546875,0
2026-05-04,1195.0,1195.0,1165.199951171875,1168.4000244140625,1143.652099609375,7735811
2026-05-05,1169.5,1185.199951171875,1160.0999755859375,1178.0999755859375,1153.1466064453125,8164108
2026-05-06,1187.0,1191.5,1164.0999755859375,1167.199951171875,1142.4774169921875,9856963
2026-05-07,1173.0,1175.4000244140625,1159.199951171875,1162.699951171875,1138.07275390625,12013987
2026-05-08,1161.0,1183.5,1158.800048828125,1179.199951171875,1154.2232666015625,7582770
2026-05-11,1176.0,1187.0,1172.0999755859375,1177.0,1152.0699462890625,7336288
2026-05-12,1162.0,1162.0,1123.0,1140.300048828125,1116.1473388671875,16891948
2026-05-13,1136.5999755859375,1142.5999755859375,1121.0,1123.0999755859375,1099.3115234375,6664111
2026-05-14,1119.800048828125,1121.9000244140625,1089.0,1095.0,1071.8067626953125,16914842
2026-05-15,1102.0,1133.199951171875,1101.5999755859375,1119.0,1095.2984619140625,17482450
2026-05-18,1119.0,1146.0999755859375,1118.0,1142.5,1118.3006591796875,12096377
2026-05-19,1162.0,1198.4000244140625,1162.0,1196.9000244140625,1171.5484619140625,32175705
2026-05-20,1187.0,1206.9000244140625,1184.9000244140625,1193.699951171875,1168.4161376953125,15121010
2026-05-21,1196.0999755859375,1201.800048828125,1177.0,1181.199951171875,1156.180908203125,10021033
2026-05-22,1182.5,1191.800048828125,1172.5,1174.5,1149.622802734375,8803066
2026-05-25,1183.0,1185.0,1166.0999755859375,1168.5,1143.75,5856136
2026-05-26,1166.300048828125,1180.699951171875,1162.9000244140625,1167.699951171875,1142.966796875,8005767
2026-05-27,1161.0,1167.300048828125,1155.0,1159.9000244140625,1135.3321533203125,6371871
2026-05-28,1159.9000244140625,1159.9000244140625,1159.9000244140625,1159.9000244140625,1135.3321533203125,0
2026-05-29,1182.0,1210.0,1153.5999755859375,1160.9000244140625,1136.3109130859375,69085430
2026-06-01,1175.0,1217.0,1173.699951171875,1202.5,1177.02978515625,19439331
2026-06-02,1232.5,1278.9000244140625,1232.5,1270.800048828125,1243.8831787109375,36032600
2026-06-03,1242.0999755859375,1249.9000244140625,1216.0,1222.5999755859375,1196.7039794921875,18534303
2026-06-04,1208.0,1215.199951171875,1196.199951171875,1201.300048828125,1175.855224609375,12755957
2026-06-05,1220.0,1223.800048828125,1194.300048828125,1197.5,1172.1357421875,8692290
2026-06-08,1177.5,1200.699951171875,1176.5,1187.5999755859375,1162.4453125,8631711
2026-06-09,1193.5999755859375,1193.5999755859375,1167.300048828125,1180.300048828125,1155.300048828125,10984054
2026-06-10,1160.0999755859375,1171.4000244140625,1143.300048828125,1145.300048828125,1145.300048828125,8887626
2026-06-11,1129.699951171875,1133.699951171875,1109.0,1114.5999755859375,1114.5999755859375,9372176
2026-06-12,1120.0,1123.300048828125,1111.5,1116.4000244140625,1116.4000244140625,8075333
2026-06-15,1130.0,1151.0,1123.0,1134.9000244140625,1134.9000244140625,7856192
2026-06-16,1136.9000244140625,1153.800048828125,1123.199951171875,1143.5999755859375,1143.5999755859375,10456090
2026-06-17,1149.0,1162.5,1148.0,1157.699951171875,1157.699951171875,5995119
2026-06-18,1142.9000244140625,1142.9000244140625,1125.300048828125,1127.5,1127.5,16781447
2026-06-19,1062.300048828125,1066.0,1030.0,1051.4000244140625,1051.4000244140625,45665442
2026-06-22,1055.0,1080.300048828125,1055.0,1065.4000244140625,1065.4000244140625,10178505
2026-06-23,1053.800048828125,1055.300048828125,1026.0,1029.300048828125,1029.300048828125,19323064
2026-06-24,1040.9000244140625,1065.5,1037.699951171875,1056.5999755859375,1056.5999755859375,12346266
2026-06-25,1065.0,1068.0,1039.0999755859375,1041.199951171875,1041.199951171875,15866779
2026-06-26,1041.199951171875,1041.199951171875,1041.199951171875,1041.199951171875,1041.199951171875,0
2026-06-29,1037.0999755859375,1046.5999755859375,1029.0999755859375,1036.699951171875,1036.699951171875,15080892
2026-06-30,1030.0,1030.4000244140625,996.0,1000.4000244140625,1000.4000244140625,24128263
2026-07-01,1006.0,1014.0,982.4000244140625,985.2999877929688,985.2999877929688,13037982
2026-07-02,1006.4000244140625,1045.0,1006.0,1040.9000244140625,1040.9000244140625,18741111
2026-07-03,1063.0,1068.699951171875,1042.0,1047.199951171875,1047.199951171875,11653534
2026-07-06,1050.0999755859375,1053.0,1033.0,1042.199951171875,1042.199951171875,5559747
2026-07-07,1040.5999755859375,1087.5,1040.5999755859375,1071.800048828125,1071.800048828125,18866296
2026-07-08,1071.9000244140625,1079.699951171875,1064.4000244140625,1069.300048828125,1069.300048828125,13022221
2026-07-09,1062.699951171875,1062.699951171875,1040.4000244140625,1050.800048828125,1050.800048828125,9003333
2026-07-10,1075.0,1091.300048828125,1064.699951171875,1068.0,1068.0,9747266
2026-07-13,1057.0999755859375,1114.9000244140625,1057.0999755859375,1102.5999755859375,1102.5999755859375,20994760
2026-07-14,1107.800048828125,1113.5,1090.0,1092.9000244140625,1092.9000244140625,14819413
2026-07-15,1079.0,1088.0999755859375,1073.0,1076.300048828125,1076.300048828125,8501933
2026-07-16,1082.5,1097.300048828125,1077.9000244140625,1082.4000244140625,1082.4000244140625,8592146
2026-07-17,1105.0,1116.800048828125,1092.0,1096.5,1096.5,12547728
2026-07-20,1102.0,1103.800048828125,1083.199951171875,1087.0999755859375,1087.0999755859375,6372645
2026-07-21,1080.0,1094.5,1067.199951171875,1073.5,1073.5,9485229
2026-07-22,1064.0,1069.300048828125,1046.199951171875,1052.0999755859375,1052.0999755859375,7517203
2026-07-23,1046.9000244140625,1058.5,1032.0,1047.4000244140625,1047.4000244140625,13794578
2026-07-24,1028.0,1043.4000244140625,1013.9000244140625,1040.9000244140625,1040.9000244140625,29036900
2026-07-27,1065.0,1082.0,1057.4000244140625,1079.199951171875,1079.199951171875,15956349
2026-07-28,1097.0,1118.5,1097.0,1105.699951171875,1105.699951171875,28100895
2026-07-29,1147.0,1164.5,1128.4000244140625,1155.5999755859375,1155.5999755859375,34400369
2026-07-30,1168.0,1187.699951171875,1151.300048828125,1155.0999755859375,1155.0999755859375,22630218
2026-07-31,1118.9000244140625,1139.300048828125,1107.199951171875,1130.0999755859375,1130.0999755859375,14367075
2026-08-03,1145.0999755859375,1180.0,1138.0999755859375,1180.0,1180.0,8582270
2026-08-04,1168.0,1175.699951171875,1153.300048828125,1167.5,1167.5,9243589
2026-08-05,1174.699951171875,1177.5,1162.300048828125,1174.0,1174.0,9964155
2026-08-06,1174.0999755859375,1185.800048828125,1163.0,1165.0,1165.0,8521064
2026-08-07,1160.0,1183.0,1155.5999755859375,1175.0999755859375,1175.0999755859375,7581410
2026-08-10,1178.0999755859375,1195.0,1175.199951171875,1183.0,1183.0,9377001
2026-08-11,1188.0,1193.5,1182.0,1190.699951171875,1190.699951171875,10160091
2026-08-12,1185.5999755859375,1190.4000244140625,1163.300048828125,1176.0999755859375,1176.0999755859375,7529777
2026-08-13,1170.0,1175.0,1157.0,1175.0,1175.0,6234215
2026-08-14,1170.4000244140625,1174.0999755859375,1158.9000244140625,1169.199951171875,1169.199951171875,5844763
2026-08-17,1163.9000244140625,1166.5,1129.699951171875,1139.9000244140625,1139.9000244140625,5817153
2026-08-18,1124.5,1131.9000244140625,1112.5,1115.0,1115.0,8851110
2026-08-19,1125.5999755859375,1134.699951171875,1113.800048828125,1119.800048828125,1119.800048828125,8408573
2026-08-20,1143.0,1144.699951171875,1125.699951171875,1130.0,1130.0,8559841
2026-08-21,1133.0,1133.5,1118.0,1121.0,1121.0,6094967
2026-08-24,1126.5,1144.5,1122.0,1130.0,1130.0,8565354
2026-08-25,1132.0,1144.0,1119.9000244140625,1144.0,1144.0,8121237
2026-08-26,1142.0,1142.0,1118.300048828125,1120.0,1120.0,6323984
2026-08-27,1120.0,1130.699951171875,1107.199951171875,1110.800048828125,1110.800048828125,6933998
2026-08-28,1123.5999755859375,1145.0,1123.300048828125,1144.0,1144.0,9621969
2026-08-31,1138.5999755859375,1143.9000244140625,1111.0999755859375,1133.800048828125,1133.800048828125,8808120
2026-09-01,1128.0,1156.0,1125.5999755859375,1156.0,1156.0,13516123
2026-09-02,1137.699951171875,1147.800048828125,1118.5999755859375,1140.0,1140.0,8564358
2026-09-03,1144.0,1144.0,1122.5,1130.300048828125,1130.300048828125,5786250
2026-09-04,1133.0,1146.699951171875,1125.4000244140625,1130.0,1130.0,5881388
2026-09-07,1109.5,1109.9000244140625,1085.0,1087.5,1087.5,7668346
2026-09-08,1095.0,1095.0,1078.9000244140625,1082.0,1082.0,6269037
2026-09-09,1059.0,1059.0,1026.5,1035.0,1035.0,13530457
2026-09-10,1039.5999755859375,1046.5999755859375,1027.300048828125,1036.5,1036.5,8998529
2026-09-11,1032.0,1047.300048828125,1029.699951171875,1037.699951171875,1037.699951171875,6168088
2026-09-14,1037.699951171875,1037.699951171875,1037.699951171875,1037.699951171875,1037.699951171875,0
2026-09-15,1085.0,1097.699951171875,1071.699951171875,1077.0,1077.0,14816117
2026-09-16,1082.5,1085.0999755859375,1053.5,1060.0,1060.0,6230590
2026-09-17,1054.9000244140625,1063.5999755859375,1048.5999755859375,1058.5999755859375,1058.5999755859375,5469865
2026-09-18,1061.9000244140625,1061.9000244140625,1038.0,1051.4000244140625,1051.4000244140625,22124953
